file,avg_travel_time,median_travel_time,p90_travel_time,hour,high_congestion
matonwalk-1.csv,3992.26,3937.5,5648.600000000002,1.0,0
matonwalk-10.csv,4114.42,3957.5,6504.700000000002,10.0,0
matonwalk-100.csv,5697.53,4429.5,6276.200000000006,10.0,1
matonwalk-1000.csv,4148.04,4144.0,6204.0,10.0,0
matonwalk-1001.csv,7526.62,4926.0,18154.60000000011,10.0,1
matonwalk-1002.csv,7452.03,4926.0,17058.4,10.0,1
matonwalk-1003.csv,7382.9,4681.0,8464.200000000083,10.0,1
matonwalk-1004.csv,7766.18,4680.0,10344.40000000024,10.0,1
matonwalk-1005.csv,9879.5,4144.0,39515.60000000002,10.0,1
matonwalk-1006.csv,18184.09,25673.0,41541.0,10.0,1
matonwalk-1007.csv,21614.58,25673.0,41672.0,10.0,1
matonwalk-1008.csv,4033.92,4143.0,5602.0,10.0,0
matonwalk-1009.csv,4419.9,4673.0,6266.700000000001,10.0,0
matonwalk-101.csv,6505.15,4804.0,8702.600000000151,10.0,1
matonwalk-1010.csv,4280.92,4419.5,6204.0,10.0,0
matonwalk-1011.csv,4467.47,4666.0,6204.0,10.0,0
matonwalk-1012.csv,4468.78,4452.0,6144.6,10.0,0
matonwalk-1013.csv,4141.45,4127.0,5986.8,10.0,0
matonwalk-1014.csv,3528.04,3692.0,5165.8,10.0,0
matonwalk-1015.csv,3418.97,3587.0,4928.5,10.0,0
matonwalk-1016.csv,3812.63,3885.5,5163.500000000001,10.0,0
matonwalk-1017.csv,3682.64,3854.0,5185.000000000001,10.0,0
matonwalk-1018.csv,2981.26,2959.0,4800.500000000001,10.0,0
matonwalk-1019.csv,2924.46,2745.5,4638.4000000000015,10.0,0
matonwalk-102.csv,9641.12,8658.0,27178.100000000002,10.0,1
matonwalk-1020.csv,2998.56,2782.0,4953.500000000002,10.0,0
matonwalk-1021.csv,3285.31,3031.0,5374.400000000002,10.0,0
matonwalk-1022.csv,4025.5,3524.5,6565.500000000001,10.0,0
matonwalk-1023.csv,4181.12,4039.5,6255.4000000000015,10.0,0
matonwalk-1024.csv,4368.62,4170.0,6310.6,10.0,0
matonwalk-1025.csv,4482.91,4234.0,6597.2,10.0,0
matonwalk-1026.csv,4433.38,4315.5,6645.700000000003,10.0,0
matonwalk-1027.csv,4765.29,4531.0,7256.100000000001,10.0,1
matonwalk-1028.csv,3974.57,3692.5,6182.0,10.0,0
matonwalk-1029.csv,3955.68,3504.0,6686.400000000001,10.0,0
matonwalk-103.csv,11165.47,8658.0,29637.200000000004,10.0,1
matonwalk-1030.csv,3995.87,3631.0,6507.000000000002,10.0,0
matonwalk-1031.csv,4046.04,3761.0,6649.500000000001,10.0,0
matonwalk-1032.csv,3567.89,3313.5,5771.900000000001,10.0,0
matonwalk-1033.csv,3708.88,3668.0,5610.200000000001,10.0,0
matonwalk-1034.csv,3910.47,3909.5,5605.6,10.0,0
matonwalk-1035.csv,4172.52,4323.5,5745.000000000003,10.0,0
matonwalk-1036.csv,4641.59,4653.0,6698.1,10.0,0
matonwalk-1037.csv,5260.37,5252.0,7884.200000000001,10.0,1
matonwalk-1038.csv,6614.43,6239.5,10621.9,10.0,1
matonwalk-1039.csv,7668.83,7875.0,11463.800000000001,10.0,1
matonwalk-104.csv,12930.09,8658.0,32570.2,10.0,1
matonwalk-1040.csv,8722.9,9306.0,12306.0,10.0,1
matonwalk-1041.csv,7316.41,7741.0,10808.300000000001,10.0,1
matonwalk-1042.csv,7900.21,7834.0,12722.700000000003,10.0,1
matonwalk-1043.csv,8581.14,8148.0,17697.300000000003,10.0,1
matonwalk-1044.csv,9647.61,8600.0,18994.4,10.0,1
matonwalk-1045.csv,10044.54,8600.0,20502.9,10.0,1
matonwalk-1046.csv,10526.82,8387.5,21542.700000000004,10.0,1
matonwalk-1047.csv,4148.02,4144.0,6204.0,10.0,0
matonwalk-1048.csv,4148.02,4144.0,6204.0,10.0,0
matonwalk-1049.csv,4148.02,4144.0,6204.0,10.0,0
matonwalk-105.csv,16793.33,8658.0,36960.9,10.0,1
matonwalk-1050.csv,4148.02,4144.0,6204.0,10.0,0
matonwalk-1051.csv,4148.02,4144.0,6204.0,10.0,0
matonwalk-1052.csv,4148.02,4144.0,6204.0,10.0,0
matonwalk-1053.csv,4148.02,4144.0,6204.0,10.0,0
matonwalk-1054.csv,10066.43,5043.5,33503.7,10.0,1
matonwalk-1055.csv,10047.65,4926.0,34796.8,10.0,1
matonwalk-1056.csv,10388.04,4681.0,37372.7,10.0,1
matonwalk-1057.csv,10884.1,4144.0,41076.600000000006,10.0,1
matonwalk-1058.csv,12871.25,4680.0,41586.0,10.0,1
matonwalk-1059.csv,21784.56,25673.0,41672.0,10.0,1
matonwalk-106.csv,20604.67,8658.0,40196.3,10.0,1
matonwalk-1060.csv,24205.5,25673.0,41672.0,10.0,1
matonwalk-1061.csv,4399.79,4319.5,6866.500000000001,10.0,0
matonwalk-1062.csv,3926.14,3886.0,5639.1,10.0,0
matonwalk-1063.csv,4285.6,4222.0,6187.8,10.0,0
matonwalk-1064.csv,4701.1,4842.0,6204.0,10.0,0
matonwalk-1065.csv,4429.25,4484.5,6013.700000000002,10.0,0
matonwalk-1066.csv,4219.73,4334.0,5802.5,10.0,0
matonwalk-1067.csv,3717.47,3715.5,5605.5,10.0,0
matonwalk-1068.csv,3622.06,3623.0,5336.500000000001,10.0,0
matonwalk-1069.csv,3660.1,3790.5,5173.200000000001,10.0,0
matonwalk-107.csv,4043.41,3875.5,5851.1,10.0,0
matonwalk-1070.csv,3599.68,3672.0,5137.0,10.0,0
matonwalk-1071.csv,2950.96,2948.5,4484.5,10.0,0
matonwalk-1072.csv,3019.31,2877.5,4766.8,10.0,0
matonwalk-1073.csv,3228.26,3085.5,5122.400000000001,10.0,0
matonwalk-1074.csv,4043.05,3761.5,6065.1,10.0,0
matonwalk-1075.csv,4338.88,4059.5,6345.200000000001,10.0,0
matonwalk-1076.csv,4565.9,4476.0,6151.000000000002,10.0,0
matonwalk-1077.csv,4971.91,4806.0,7293.400000000003,10.0,1
matonwalk-1078.csv,4930.73,4817.0,7286.400000000001,10.0,1
matonwalk-1079.csv,5015.55,4865.0,7443.6,10.0,1
matonwalk-108.csv,4285.29,4167.0,6205.5,10.0,0
matonwalk-1080.csv,5161.06,4861.0,7363.300000000004,10.0,1
matonwalk-1081.csv,4966.34,4768.5,8097.0,10.0,1
matonwalk-1082.csv,5020.82,4554.0,8102.600000000004,10.0,1
matonwalk-1083.csv,4826.94,4458.0,7733.300000000002,10.0,1
matonwalk-1084.csv,5066.78,4516.5,8113.9000000000015,10.0,1
matonwalk-1085.csv,4499.01,4203.0,6925.0,10.0,0
matonwalk-1086.csv,4145.1,4173.0,5930.9000000000015,10.0,0
matonwalk-1087.csv,4227.76,4329.5,6019.300000000001,10.0,0
matonwalk-1088.csv,4452.24,4415.5,6494.3,10.0,0
matonwalk-1089.csv,4692.09,4693.0,6935.500000000001,10.0,0
matonwalk-109.csv,4506.31,4730.0,6204.4,10.0,0
matonwalk-1090.csv,5871.03,5392.0,9186.5,10.0,1
matonwalk-1091.csv,6425.78,6147.5,9545.4,10.0,1
matonwalk-1092.csv,7366.72,7128.5,10389.700000000003,10.0,1
matonwalk-1093.csv,6565.46,6088.0,10558.600000000002,10.0,1
matonwalk-1094.csv,7440.56,7023.5,12391.600000000008,10.0,1
matonwalk-1095.csv,8607.8,7998.0,17116.100000000002,10.0,1
matonwalk-1096.csv,9194.32,7333.5,18981.600000000002,10.0,1
matonwalk-1097.csv,10473.93,8600.0,20259.8,10.0,1
matonwalk-1098.csv,11133.36,8600.0,21631.8,10.0,1
matonwalk-1099.csv,12081.33,8600.0,23166.0,10.0,1
matonwalk-11.csv,4227.11,3859.0,7236.700000000002,11.0,0
matonwalk-110.csv,5057.69,5182.0,7145.300000000001,11.0,1
matonwalk-1100.csv,8897.41,6152.0,18686.800000000003,11.0,1
matonwalk-1101.csv,7628.35,5689.0,17635.000000000004,11.0,1
matonwalk-1102.csv,4148.02,4144.0,6204.0,11.0,0
matonwalk-1103.csv,4148.02,4144.0,6204.0,11.0,0
matonwalk-1104.csv,4148.02,4144.0,6204.0,11.0,0
matonwalk-1105.csv,4148.02,4144.0,6204.0,11.0,0
matonwalk-1106.csv,4148.02,4144.0,6204.0,11.0,0
matonwalk-1107.csv,13559.02,5386.0,35339.8,11.0,1
matonwalk-1108.csv,13183.98,4927.0,37019.100000000006,11.0,1
matonwalk-1109.csv,13747.49,4926.0,40023.00000000001,11.0,1
matonwalk-111.csv,5240.09,5415.5,7095.1,11.0,1
matonwalk-1110.csv,14551.96,4926.0,41586.0,11.0,1
matonwalk-1111.csv,18600.87,5274.0,42307.700000000004,11.0,1
matonwalk-1112.csv,25376.49,25673.0,42553.0,11.0,1
matonwalk-1113.csv,27435.38,25673.0,42666.40000000001,11.0,1
matonwalk-1114.csv,4187.58,4084.0,6625.900000000001,11.0,0
matonwalk-1115.csv,3748.06,3847.5,5709.900000000005,11.0,0
matonwalk-1116.csv,4217.91,4210.5,6204.0,11.0,0
matonwalk-1117.csv,4271.77,4474.0,5926.100000000001,11.0,0
matonwalk-1118.csv,4388.88,4380.0,6213.3,11.0,0
matonwalk-1119.csv,4362.64,4418.0,6128.400000000001,11.0,0
matonwalk-112.csv,4715.11,4893.0,6571.8,11.0,0
matonwalk-1120.csv,4161.97,4250.5,6026.900000000001,11.0,0
matonwalk-1121.csv,3431.37,3327.5,5198.400000000001,11.0,0
matonwalk-1122.csv,3141.32,3012.0,4873.200000000001,11.0,0
matonwalk-1123.csv,3271.13,3227.5,4744.8,11.0,0
matonwalk-1124.csv,2932.43,2844.0,4393.3,11.0,0
matonwalk-1125.csv,2843.57,2835.5,4439.400000000001,11.0,0
matonwalk-1126.csv,3349.23,3205.0,5065.400000000001,11.0,0
matonwalk-1127.csv,4261.84,4122.0,6119.400000000002,11.0,0
matonwalk-1128.csv,4744.03,4473.0,6790.1,11.0,1
matonwalk-1129.csv,5408.08,5109.0,7542.600000000004,11.0,1
matonwalk-113.csv,4133.93,4195.0,5762.5,11.0,0
matonwalk-1130.csv,5818.03,5508.5,9050.300000000003,11.0,1
matonwalk-1131.csv,5731.18,5604.5,8759.200000000004,11.0,1
matonwalk-1132.csv,5805.68,5552.5,9241.500000000015,11.0,1
matonwalk-1133.csv,5952.64,5468.5,9029.900000000001,11.0,1
matonwalk-1134.csv,5936.05,5219.0,9924.400000000001,11.0,1
matonwalk-1135.csv,6274.49,5625.0,10836.800000000001,11.0,1
matonwalk-1136.csv,5941.41,5191.5,10228.800000000001,11.0,1
matonwalk-1137.csv,6212.65,5741.5,9730.7,11.0,1
matonwalk-1138.csv,5361.8,5117.0,7953.2000000000035,11.0,1
matonwalk-1139.csv,4585.94,4788.0,6521.5,11.0,0
matonwalk-114.csv,4200.42,4227.0,5826.5,11.0,0
matonwalk-1140.csv,4229.85,4334.0,6094.900000000001,11.0,0
matonwalk-1141.csv,4621.41,4721.5,6561.9000000000015,11.0,0
matonwalk-1142.csv,5048.94,4928.5,6984.800000000003,11.0,1
matonwalk-1143.csv,4994.79,4997.0,6930.400000000001,11.0,1
matonwalk-1144.csv,5420.68,5407.5,7571.800000000003,11.0,1
matonwalk-1145.csv,5946.43,5676.0,9191.200000000003,11.0,1
matonwalk-1146.csv,6659.63,6214.0,10194.2,11.0,1
matonwalk-1147.csv,7927.69,6967.5,14056.200000000008,11.0,1
matonwalk-1148.csv,9653.58,8044.0,16824.9,11.0,1
matonwalk-1149.csv,10356.54,8034.5,18760.000000000004,11.0,1
matonwalk-115.csv,3924.49,3874.5,5602.5,11.0,0
matonwalk-1150.csv,11083.13,8101.5,20317.3,11.0,1
matonwalk-1151.csv,13491.11,16004.0,18285.500000000004,11.0,1
matonwalk-1152.csv,10625.83,6204.0,19209.6,11.0,1
matonwalk-1153.csv,9077.57,6152.0,19468.600000000002,11.0,1
matonwalk-1154.csv,8033.62,5689.0,18344.300000000007,11.0,1
matonwalk-1155.csv,7306.83,5689.0,16104.0,11.0,1
matonwalk-1156.csv,8748.19,5689.0,18035.0,11.0,1
matonwalk-1157.csv,10653.91,5689.0,30144.000000000004,11.0,1
matonwalk-1158.csv,13222.9,10015.0,33123.8,11.0,1
matonwalk-1159.csv,15959.4,10015.0,35516.8,11.0,1
matonwalk-116.csv,3733.56,3708.5,5572.8,11.0,0
matonwalk-1160.csv,16667.1,6204.0,35566.600000000006,11.0,1
matonwalk-1161.csv,16858.21,5602.0,37728.0,11.0,1
matonwalk-1162.csv,17055.07,5493.5,40952.9,11.0,1
matonwalk-1163.csv,19667.82,6204.0,42143.700000000004,11.0,1
matonwalk-1164.csv,21844.27,6564.5,42521.50000000001,11.0,1
matonwalk-1165.csv,28421.99,33693.0,44613.200000000004,11.0,1
matonwalk-1166.csv,21605.9,6564.5,41672.0,11.0,1
matonwalk-1167.csv,4411.43,4459.5,6885.400000000001,11.0,0
matonwalk-1168.csv,3734.54,3713.0,5681.5,11.0,0
matonwalk-1169.csv,3580.24,3600.0,5674.900000000001,11.0,0
matonwalk-117.csv,3788.39,3788.0,5629.6,11.0,0
matonwalk-1170.csv,3957.26,4122.5,5732.0,11.0,0
matonwalk-1171.csv,4397.43,4357.5,6098.8,11.0,0
matonwalk-1172.csv,4581.4,4611.0,6186.0,11.0,0
matonwalk-1173.csv,4360.56,4645.5,6165.3,11.0,0
matonwalk-1174.csv,4003.72,4002.0,5850.6,11.0,0
matonwalk-1175.csv,3772.41,3805.0,5272.000000000001,11.0,0
matonwalk-1176.csv,3328.11,3311.5,4987.300000000001,11.0,0
matonwalk-1177.csv,3416.31,3254.5,4919.8,11.0,0
matonwalk-1178.csv,3306.13,3283.0,4819.200000000001,11.0,0
matonwalk-1179.csv,3142.19,2981.5,5112.9000000000015,11.0,0
matonwalk-118.csv,3582.62,3423.0,5634.200000000001,11.0,0
matonwalk-1180.csv,4030.89,3923.0,6073.600000000001,11.0,0
matonwalk-1181.csv,4948.52,4741.0,7444.600000000005,11.0,1
matonwalk-1182.csv,6066.48,5777.5,9667.500000000004,11.0,1
matonwalk-1183.csv,6764.02,6431.0,11429.500000000002,11.0,1
matonwalk-1184.csv,6429.57,5936.0,11886.400000000001,11.0,1
matonwalk-1185.csv,6362.65,5982.0,12263.900000000001,11.0,1
matonwalk-1186.csv,6639.46,5953.0,12762.500000000004,11.0,1
matonwalk-1187.csv,7306.1,6374.5,13712.500000000002,11.0,1
matonwalk-1188.csv,7150.58,6237.0,12757.900000000001,11.0,1
matonwalk-1189.csv,7169.69,6485.0,12061.7,11.0,1
matonwalk-119.csv,4181.25,4080.5,6221.400000000001,11.0,0
matonwalk-1190.csv,6949.85,6246.0,10988.500000000004,11.0,1
matonwalk-1191.csv,5756.35,5575.0,8276.000000000002,11.0,1
matonwalk-1192.csv,5226.47,5315.0,7455.3,11.0,1
matonwalk-1193.csv,4495.77,4746.5,6231.200000000001,11.0,0
matonwalk-1194.csv,4258.12,4316.0,6204.0,11.0,0
matonwalk-1195.csv,4655.78,4883.0,6474.500000000001,11.0,0
matonwalk-1196.csv,4826.39,4931.0,6677.500000000002,11.0,1
matonwalk-1197.csv,5260.47,5298.5,6958.800000000003,11.0,1
matonwalk-1198.csv,5613.55,5311.5,8751.2,11.0,1
matonwalk-1199.csv,7030.03,6916.5,11017.100000000002,11.0,1
matonwalk-12.csv,5051.97,4772.0,8424.300000000001,12.0,1
matonwalk-120.csv,4810.97,4733.0,6755.7,12.0,1
matonwalk-1200.csv,8339.31,8205.0,13764.700000000003,12.0,1
matonwalk-1201.csv,9740.78,9853.0,15872.200000000003,12.0,1
matonwalk-1202.csv,11342.31,11993.0,17899.3,12.0,1
matonwalk-1203.csv,12290.26,11993.0,19307.000000000004,12.0,1
matonwalk-1204.csv,13727.95,16004.0,18792.7,12.0,1
matonwalk-1205.csv,10598.69,6152.0,19419.7,12.0,1
matonwalk-1206.csv,9332.05,6152.0,20142.8,12.0,1
matonwalk-1207.csv,8569.33,5689.0,16437.30000000003,12.0,1
matonwalk-1208.csv,8851.43,5689.0,18035.0,12.0,1
matonwalk-1209.csv,9312.21,5689.0,18035.0,12.0,1
matonwalk-121.csv,4761.0,4841.0,6614.3,12.0,1
matonwalk-1210.csv,11163.36,9072.0,18071.0,12.0,1
matonwalk-1211.csv,13502.68,10015.0,33663.0,12.0,1
matonwalk-1212.csv,14842.04,14922.5,35671.200000000004,12.0,1
matonwalk-1213.csv,18376.2,17433.0,37916.8,12.0,1
matonwalk-1214.csv,21069.65,17900.0,40129.1,12.0,1
matonwalk-1215.csv,22022.95,33565.0,41344.8,12.0,1
matonwalk-1216.csv,23467.88,35941.5,42277.1,12.0,1
matonwalk-1217.csv,25712.05,39034.0,43522.4,12.0,1
matonwalk-1218.csv,22898.86,32077.0,41672.0,12.0,1
matonwalk-1219.csv,18907.4,5493.5,41672.0,12.0,1
matonwalk-122.csv,4723.48,4832.0,6452.1,12.0,0
matonwalk-1220.csv,4954.46,4654.0,8065.900000000001,12.0,1
matonwalk-1221.csv,4334.82,4281.5,6588.7,12.0,0
matonwalk-1222.csv,3762.56,3777.5,5752.500000000001,12.0,0
matonwalk-1223.csv,3510.48,3568.0,5652.9000000000015,12.0,0
matonwalk-1224.csv,4245.24,4372.0,5850.400000000001,12.0,0
matonwalk-1225.csv,4625.16,4682.5,6111.300000000001,12.0,0
matonwalk-1226.csv,4526.26,4526.0,5913.0,12.0,0
matonwalk-1227.csv,4255.39,4250.5,5583.900000000001,12.0,0
matonwalk-1228.csv,3914.97,3888.0,5337.900000000001,12.0,0
matonwalk-1229.csv,3771.69,3796.5,4946.200000000001,12.0,0
matonwalk-123.csv,4642.51,4793.5,6206.400000000001,12.0,0
matonwalk-1230.csv,3782.42,3651.5,5163.3,12.0,0
matonwalk-1231.csv,3796.74,3819.5,5334.800000000001,12.0,0
matonwalk-1232.csv,3312.05,3249.0,5134.600000000001,12.0,0
matonwalk-1233.csv,4220.88,4169.0,6362.400000000003,12.0,0
matonwalk-1234.csv,5579.47,5300.5,8463.100000000002,12.0,1
matonwalk-1235.csv,6593.37,6102.0,10496.500000000004,12.0,1
matonwalk-1236.csv,7203.43,6552.0,12521.400000000001,12.0,1
matonwalk-1237.csv,6812.06,6342.5,10968.100000000002,12.0,1
matonwalk-1238.csv,7172.71,6424.0,12738.7,12.0,1
matonwalk-1239.csv,8059.84,7632.0,14135.300000000003,12.0,1
matonwalk-124.csv,3999.79,3983.0,6139.2,12.0,0
matonwalk-1240.csv,8800.03,8004.5,15958.4,12.0,1
matonwalk-1241.csv,9508.88,9326.5,15413.7,12.0,1
matonwalk-1242.csv,8657.83,8279.5,14160.6,12.0,1
matonwalk-1243.csv,7818.81,7598.5,12361.500000000002,12.0,1
matonwalk-1244.csv,6519.91,6323.5,9461.300000000001,12.0,1
matonwalk-1245.csv,5380.95,5288.5,7760.000000000003,12.0,1
matonwalk-1246.csv,4153.93,4144.0,6204.0,12.0,0
matonwalk-1247.csv,4148.0,4144.0,6204.0,12.0,0
matonwalk-1248.csv,4250.07,4371.5,6204.0,12.0,0
matonwalk-1249.csv,4853.34,4930.0,6862.000000000001,12.0,1
matonwalk-125.csv,3347.32,3215.5,5196.500000000001,12.0,0
matonwalk-1250.csv,4782.41,4681.0,7187.300000000001,12.0,1
matonwalk-1251.csv,5337.72,5108.5,9088.7,12.0,1
matonwalk-1252.csv,6259.73,5923.0,10467.200000000004,12.0,1
matonwalk-1253.csv,7456.9,7166.0,12620.000000000004,12.0,1
matonwalk-1254.csv,9537.54,9734.5,14859.800000000001,12.0,1
matonwalk-1255.csv,11006.18,11389.5,16754.200000000004,12.0,1
matonwalk-1256.csv,12719.66,14595.0,17970.800000000003,12.0,1
matonwalk-1257.csv,13491.17,15825.0,18860.0,12.0,1
matonwalk-1258.csv,9816.64,6204.0,19452.2,12.0,1
matonwalk-1259.csv,9741.04,6152.0,19697.200000000004,12.0,1
matonwalk-126.csv,3855.21,3780.5,5821.900000000004,12.0,0
matonwalk-1260.csv,9043.63,6152.0,16104.0,12.0,1
matonwalk-1261.csv,9613.88,6514.0,18035.0,12.0,1
matonwalk-1262.csv,10153.99,7669.5,18035.0,12.0,1
matonwalk-1263.csv,10384.16,5530.5,17842.0,12.0,1
matonwalk-1264.csv,12402.02,10039.0,33224.5,12.0,1
matonwalk-1265.csv,14788.77,17394.0,35331.200000000004,12.0,1
matonwalk-1266.csv,15060.7,6204.0,37594.8,12.0,1
matonwalk-1267.csv,18395.6,6925.0,39748.9,12.0,1
matonwalk-1268.csv,22864.48,18035.0,41876.6,12.0,1
matonwalk-1269.csv,27106.36,36926.0,42330.1,12.0,1
matonwalk-127.csv,4686.67,4319.0,7167.400000000001,12.0,0
matonwalk-1270.csv,23956.92,37587.0,41856.0,12.0,1
matonwalk-1271.csv,20770.61,6204.0,41941.0,12.0,1
matonwalk-1272.csv,17233.3,5162.0,41941.0,12.0,1
matonwalk-1273.csv,5934.72,5457.0,9370.900000000003,12.0,1
matonwalk-1274.csv,4949.58,4590.0,7717.8,12.0,1
matonwalk-1275.csv,4102.44,3937.5,6447.000000000001,12.0,0
matonwalk-1276.csv,3186.92,3022.5,5311.700000000001,12.0,0
matonwalk-1277.csv,3848.92,3717.0,5881.700000000001,12.0,0
matonwalk-1278.csv,4316.96,4432.5,5913.1,12.0,0
matonwalk-1279.csv,4424.89,4594.0,6127.500000000001,12.0,0
matonwalk-128.csv,5216.97,5230.5,7357.100000000002,12.0,1
matonwalk-1280.csv,4173.38,4279.0,5811.000000000002,12.0,0
matonwalk-1281.csv,3629.33,3646.5,5374.900000000002,12.0,0
matonwalk-1282.csv,3486.29,3504.5,4941.9000000000015,12.0,0
matonwalk-1283.csv,3567.68,3544.5,5110.400000000001,12.0,0
matonwalk-1284.csv,3581.9,3734.5,5173.400000000001,12.0,0
matonwalk-1285.csv,3639.76,3658.5,5647.8,12.0,0
matonwalk-1286.csv,4383.06,4124.0,6768.2,12.0,0
matonwalk-1287.csv,5199.07,5040.5,7900.0,12.0,1
matonwalk-1288.csv,5987.11,5882.0,8496.300000000001,12.0,1
matonwalk-1289.csv,6770.07,6606.0,10076.900000000005,12.0,1
matonwalk-129.csv,5382.29,5468.0,8165.8,12.0,1
matonwalk-1290.csv,7298.92,6535.0,11916.500000000002,12.0,1
matonwalk-1291.csv,9707.6,10637.0,14789.6,12.0,1
matonwalk-1292.csv,9397.19,9083.5,16046.7,12.0,1
matonwalk-1293.csv,9875.36,9973.0,16737.4,12.0,1
matonwalk-1294.csv,9667.39,9093.5,16709.7,12.0,1
matonwalk-1295.csv,10140.98,10304.5,15722.600000000002,12.0,1
matonwalk-1296.csv,9176.82,9558.0,13912.300000000001,12.0,1
matonwalk-1297.csv,7442.39,7228.0,11988.400000000001,12.0,1
matonwalk-1298.csv,6105.77,5912.0,10123.500000000004,12.0,1
matonwalk-1299.csv,5838.52,5602.0,8865.400000000003,12.0,1
matonwalk-13.csv,5691.88,5459.5,8273.900000000001,13.0,1
matonwalk-130.csv,5551.22,5603.5,8582.800000000001,13.0,1
matonwalk-1300.csv,4158.0,4144.0,6203.1,13.0,0
matonwalk-1301.csv,4514.98,4684.0,6365.400000000001,13.0,0
matonwalk-1302.csv,4275.29,4468.0,6204.0,13.0,0
matonwalk-1303.csv,5057.74,5161.0,7391.2,13.0,1
matonwalk-1304.csv,6225.31,6204.0,9230.2,13.0,1
matonwalk-1305.csv,5962.46,5671.5,9976.300000000001,13.0,1
matonwalk-1306.csv,7269.74,7226.0,11811.2,13.0,1
matonwalk-1307.csv,9011.15,9679.5,14741.400000000001,13.0,1
matonwalk-1308.csv,9845.47,11397.0,15146.300000000001,13.0,1
matonwalk-1309.csv,11157.8,13432.5,16445.3,13.0,1
matonwalk-131.csv,5070.39,4928.0,7480.400000000001,13.0,1
matonwalk-1310.csv,12715.96,15109.5,17738.0,13.0,1
matonwalk-1311.csv,9152.22,6492.5,17489.0,13.0,1
matonwalk-1312.csv,8760.34,6203.5,17306.600000000002,13.0,1
matonwalk-1313.csv,10299.24,10015.0,18035.0,13.0,1
matonwalk-1314.csv,8919.17,5466.0,17812.0,13.0,1
matonwalk-1315.csv,9342.06,5601.0,17429.0,13.0,1
matonwalk-1316.csv,10846.55,6925.0,17429.0,13.0,1
matonwalk-1317.csv,10212.27,6203.5,14859.0,13.0,1
matonwalk-1318.csv,11206.69,5493.5,33747.100000000006,13.0,1
matonwalk-1319.csv,13215.65,5601.5,36457.200000000004,13.0,1
matonwalk-132.csv,4931.55,4928.0,6522.200000000001,13.0,1
matonwalk-1320.csv,16533.31,6204.0,38716.600000000006,13.0,1
matonwalk-1321.csv,20705.93,17393.0,41047.100000000006,13.0,1
matonwalk-1322.csv,27129.26,39083.0,43387.3,13.0,1
matonwalk-1323.csv,22841.35,36085.0,41519.200000000004,13.0,1
matonwalk-1324.csv,19169.05,5602.0,42681.0,13.0,1
matonwalk-1325.csv,15757.99,5044.5,42681.0,13.0,1
matonwalk-1326.csv,7075.42,6591.5,10751.2,13.0,1
matonwalk-1327.csv,5636.32,5102.0,8970.300000000001,13.0,1
matonwalk-1328.csv,4664.06,4452.5,7112.3,13.0,0
matonwalk-1329.csv,3729.72,3671.0,5793.6,13.0,0
matonwalk-133.csv,4744.21,4741.0,6290.700000000001,13.0,1
matonwalk-1330.csv,3534.82,3369.5,5505.200000000001,13.0,0
matonwalk-1331.csv,3945.61,3876.0,5909.000000000001,13.0,0
matonwalk-1332.csv,3796.67,3718.0,5670.1,13.0,0
matonwalk-1333.csv,3434.94,3265.0,5406.6,13.0,0
matonwalk-1334.csv,3587.08,3592.5,5603.0,13.0,0
matonwalk-1335.csv,3543.03,3489.0,5374.3,13.0,0
matonwalk-1336.csv,3435.54,3378.0,5176.100000000001,13.0,0
matonwalk-1337.csv,3577.86,3488.5,5251.400000000003,13.0,0
matonwalk-1338.csv,4432.67,4329.5,6615.400000000001,13.0,0
matonwalk-1339.csv,4513.14,4325.5,7091.0,13.0,0
matonwalk-134.csv,4596.95,4683.0,6214.3,13.0,0
matonwalk-1340.csv,5019.57,4926.0,7518.0,13.0,1
matonwalk-1341.csv,5628.06,5206.5,9713.300000000001,13.0,1
matonwalk-1342.csv,6540.83,5767.0,11932.300000000001,13.0,1
matonwalk-1343.csv,7721.76,6820.0,13997.000000000002,13.0,1
matonwalk-1344.csv,8521.34,6853.0,14978.800000000001,13.0,1
matonwalk-1345.csv,9292.49,9387.5,15577.2,13.0,1
matonwalk-1346.csv,11210.13,12109.0,18108.9,13.0,1
matonwalk-1347.csv,10994.19,11054.0,18219.7,13.0,1
matonwalk-1348.csv,10174.45,9870.0,17329.0,13.0,1
matonwalk-1349.csv,9001.97,8699.5,15574.200000000003,13.0,1
matonwalk-135.csv,4425.72,4682.0,6204.0,13.0,0
matonwalk-1350.csv,7764.89,6822.0,13961.500000000004,13.0,1
matonwalk-1351.csv,6993.52,6526.5,12351.500000000002,13.0,1
matonwalk-1352.csv,6606.69,6204.0,10525.000000000002,13.0,1
matonwalk-1353.csv,5522.92,5316.5,8762.7,13.0,1
matonwalk-1354.csv,4147.96,4144.0,6203.1,13.0,0
matonwalk-1355.csv,4312.26,4627.0,6206.1,13.0,0
matonwalk-1356.csv,4635.43,4801.5,6545.600000000001,13.0,0
matonwalk-1357.csv,5425.15,5516.0,8195.0,13.0,1
matonwalk-1358.csv,4219.26,4144.0,6203.1,13.0,0
matonwalk-1359.csv,6684.8,6203.5,10749.000000000004,13.0,1
matonwalk-136.csv,4283.37,4663.5,6204.4,13.0,0
matonwalk-1360.csv,7590.81,7452.0,12915.0,13.0,1
matonwalk-1361.csv,8391.74,9365.5,13929.0,13.0,1
matonwalk-1362.csv,9742.93,11375.0,14711.0,13.0,1
matonwalk-1363.csv,11247.62,13390.5,16079.800000000003,13.0,1
matonwalk-1364.csv,8219.77,6925.0,14660.100000000006,13.0,1
matonwalk-1365.csv,8286.62,6203.5,15026.0,13.0,1
matonwalk-1366.csv,9175.22,6204.0,17082.0,13.0,1
matonwalk-1367.csv,9403.65,6204.0,17429.0,13.0,1
matonwalk-1368.csv,9324.27,8768.0,14859.0,13.0,1
matonwalk-1369.csv,9344.27,6898.0,15813.0,13.0,1
matonwalk-137.csv,4199.99,4158.5,6204.0,13.0,0
matonwalk-1370.csv,9956.49,5601.0,18035.0,13.0,1
matonwalk-1371.csv,10197.45,5161.0,18035.0,13.0,1
matonwalk-1372.csv,11659.27,5161.0,35430.4,13.0,1
matonwalk-1373.csv,17114.43,10156.0,38026.4,13.0,1
matonwalk-1374.csv,20760.17,16965.0,40377.1,13.0,1
matonwalk-1375.csv,24869.37,18071.0,42656.4,13.0,1
matonwalk-1376.csv,22141.22,30731.0,40072.5,13.0,1
matonwalk-1377.csv,18859.98,5902.5,41348.1,13.0,1
matonwalk-1378.csv,15308.98,5108.0,42667.3,13.0,1
matonwalk-1379.csv,7272.24,6470.5,12179.900000000001,13.0,1
matonwalk-138.csv,4324.57,4680.5,6204.0,13.0,0
matonwalk-1380.csv,6061.33,5416.0,9856.800000000001,13.0,1
matonwalk-1381.csv,5083.05,4939.0,7879.200000000001,13.0,1
matonwalk-1382.csv,3913.45,3905.0,5919.3,13.0,0
matonwalk-1383.csv,3257.23,3213.0,5080.700000000002,13.0,0
matonwalk-1384.csv,3674.93,3609.5,5402.5,13.0,0
matonwalk-1385.csv,3326.19,3467.5,4947.700000000001,13.0,0
matonwalk-1386.csv,3724.69,3727.5,5624.300000000002,13.0,0
matonwalk-1387.csv,4476.41,4406.0,6675.700000000001,13.0,0
matonwalk-1388.csv,4116.14,4057.5,6203.1,13.0,0
matonwalk-1389.csv,4122.53,3863.5,6231.300000000002,13.0,0
matonwalk-139.csv,4223.57,4309.0,6204.0,13.0,0
matonwalk-1390.csv,4352.97,3949.0,7650.800000000004,13.0,0
matonwalk-1391.csv,4746.15,4125.0,8535.6,13.0,1
matonwalk-1392.csv,5497.32,4894.5,9392.2,13.0,1
matonwalk-1393.csv,5422.55,5142.0,7530.900000000003,13.0,1
matonwalk-1394.csv,5461.3,5162.0,8642.800000000001,13.0,1
matonwalk-1395.csv,6269.97,5900.0,10734.200000000006,13.0,1
matonwalk-1396.csv,10235.66,10798.0,15612.1,13.0,1
matonwalk-1397.csv,8332.99,6825.5,16213.4,13.0,1
matonwalk-1398.csv,9088.03,7617.0,16619.0,13.0,1
matonwalk-1399.csv,9601.13,9478.5,15978.400000000003,13.0,1
matonwalk-14.csv,5786.37,5699.5,7910.3,14.0,1
matonwalk-140.csv,4468.79,4688.5,6204.0,14.0,0
matonwalk-1400.csv,12384.8,15322.5,19111.0,14.0,1
matonwalk-1401.csv,11642.56,13187.5,18927.100000000002,14.0,1
matonwalk-1402.csv,10477.87,10945.5,17401.000000000004,14.0,1
matonwalk-1403.csv,8840.16,7177.5,15781.2,14.0,1
matonwalk-1404.csv,7744.77,6222.0,13951.800000000001,14.0,1
matonwalk-1405.csv,6659.07,5601.0,12010.200000000003,14.0,1
matonwalk-1406.csv,5810.79,5208.0,10099.100000000002,14.0,1
matonwalk-1407.csv,5091.41,4926.0,8325.7,14.0,1
matonwalk-1408.csv,4651.26,4822.5,6625.200000000002,14.0,0
matonwalk-1409.csv,4263.07,4461.0,6204.0,14.0,0
matonwalk-141.csv,4817.21,4972.5,6772.700000000001,14.0,1
matonwalk-1410.csv,4147.94,4144.0,6203.1,14.0,0
matonwalk-1411.csv,4203.45,4144.0,6203.1,14.0,0
matonwalk-1412.csv,4211.71,4144.0,6203.1,14.0,0
matonwalk-1413.csv,6545.8,6204.5,11110.900000000001,14.0,1
matonwalk-1414.csv,7357.84,7260.0,12387.5,14.0,1
matonwalk-1415.csv,8630.03,9322.5,13862.800000000001,14.0,1
matonwalk-1416.csv,7702.21,7293.5,12757.0,14.0,1
matonwalk-1417.csv,8815.55,8844.0,14934.800000000001,14.0,1
matonwalk-1418.csv,8699.26,8711.0,15319.800000000001,14.0,1
matonwalk-1419.csv,9510.83,9847.5,16238.0,14.0,1
matonwalk-142.csv,5540.11,5602.0,8533.1,14.0,1
matonwalk-1420.csv,9126.74,8768.0,14859.0,14.0,1
matonwalk-1421.csv,8516.77,7715.0,15454.0,14.0,1
matonwalk-1422.csv,8999.24,6889.0,17704.3,14.0,1
matonwalk-1423.csv,8747.75,5273.5,18035.0,14.0,1
matonwalk-1424.csv,10759.36,10156.0,18043.1,14.0,1
matonwalk-1425.csv,12383.76,10156.0,19248.7000000001,14.0,1
matonwalk-1426.csv,15642.73,10156.0,37239.8,14.0,1
matonwalk-1427.csv,19205.74,13560.5,39754.0,14.0,1
matonwalk-1428.csv,23500.2,16965.0,42178.9,14.0,1
matonwalk-1429.csv,21904.19,27813.0,39231.0,14.0,1
matonwalk-143.csv,6709.97,6758.5,10611.5,14.0,1
matonwalk-1430.csv,18653.18,6204.0,40311.600000000006,14.0,1
matonwalk-1431.csv,14526.46,5044.5,41105.9,14.0,1
matonwalk-1432.csv,7938.51,7026.5,12617.1,14.0,1
matonwalk-1433.csv,6091.51,5564.0,9588.800000000003,14.0,1
matonwalk-1434.csv,5086.82,4797.5,8050.200000000002,14.0,1
matonwalk-1435.csv,4258.09,4129.0,6436.1,14.0,0
matonwalk-1436.csv,3661.24,3593.5,5445.600000000001,14.0,0
matonwalk-1437.csv,3382.12,3365.5,4937.1,14.0,0
matonwalk-1438.csv,3318.47,3271.5,5103.400000000001,14.0,0
matonwalk-1439.csv,4096.7,3936.5,6345.700000000001,14.0,0
matonwalk-144.csv,6012.89,5162.0,11440.2,14.0,1
matonwalk-1440.csv,4822.48,4329.5,7798.200000000003,14.0,1
matonwalk-1441.csv,5264.89,4908.5,9110.500000000004,14.0,1
matonwalk-1442.csv,5132.65,4680.5,9515.4,14.0,1
matonwalk-1443.csv,5908.77,5458.0,10222.2,14.0,1
matonwalk-1444.csv,6321.96,5460.0,10766.0,14.0,1
matonwalk-1445.csv,6189.77,5475.5,10361.2,14.0,1
matonwalk-1446.csv,6759.87,6785.5,10217.2,14.0,1
matonwalk-1447.csv,6147.25,5827.5,9283.900000000003,14.0,1
matonwalk-1448.csv,6322.6,5976.5,10342.400000000005,14.0,1
matonwalk-1449.csv,9155.51,9605.0,14329.80000000001,14.0,1
matonwalk-145.csv,6792.8,5387.0,13981.300000000001,14.0,1
matonwalk-1450.csv,7978.65,7079.0,16213.1,14.0,1
matonwalk-1451.csv,8330.63,7659.5,17204.6,14.0,1
matonwalk-1452.csv,8659.77,7765.5,16788.7,14.0,1
matonwalk-1453.csv,8887.48,8374.5,16284.2,14.0,1
matonwalk-1454.csv,8652.28,6970.5,15418.800000000003,14.0,1
matonwalk-1455.csv,8275.1,6204.0,14571.7,14.0,1
matonwalk-1456.csv,7805.06,6204.0,13608.0,14.0,1
matonwalk-1457.csv,9004.22,7059.5,15400.300000000003,14.0,1
matonwalk-1458.csv,7572.56,6204.5,13579.800000000001,14.0,1
matonwalk-1459.csv,6637.21,6203.5,11062.800000000003,14.0,1
matonwalk-146.csv,10035.44,10267.5,16884.600000000002,14.0,1
matonwalk-1460.csv,5525.19,5161.5,9295.400000000001,14.0,1
matonwalk-1461.csv,4756.57,4899.0,7518.6,14.0,1
matonwalk-1462.csv,4369.29,4680.5,6203.1,14.0,0
matonwalk-1463.csv,4469.75,4717.0,6311.200000000001,14.0,0
matonwalk-1464.csv,4136.86,4144.0,6203.0,14.0,0
matonwalk-1465.csv,5183.51,5261.0,7652.700000000001,14.0,1
matonwalk-1466.csv,5629.32,5381.5,8868.900000000001,14.0,1
matonwalk-1467.csv,6284.0,5803.0,9700.400000000001,14.0,1
matonwalk-1468.csv,6478.59,6167.0,10512.2,14.0,1
matonwalk-1469.csv,7589.07,6999.5,12278.600000000002,14.0,1
matonwalk-147.csv,12063.02,14237.5,19163.7,14.0,1
matonwalk-1470.csv,8303.41,7816.5,13480.2,14.0,1
matonwalk-1471.csv,7970.01,7802.5,12773.1,14.0,1
matonwalk-1472.csv,8373.15,8337.5,13206.0,14.0,1
matonwalk-1473.csv,8234.7,7725.0,13778.0,14.0,1
matonwalk-1474.csv,8462.52,7021.0,16132.0,14.0,1
matonwalk-1475.csv,8798.1,6534.0,17393.0,14.0,1
matonwalk-1476.csv,9808.01,10156.0,17429.0,14.0,1
matonwalk-1477.csv,10258.71,10156.0,17429.0,14.0,1
matonwalk-1478.csv,12093.96,10156.0,17577.800000000003,14.0,1
matonwalk-1479.csv,14941.74,10156.0,36464.2,14.0,1
matonwalk-148.csv,8276.89,5387.0,17255.8,14.0,1
matonwalk-1480.csv,18295.02,16965.0,38928.5,14.0,1
matonwalk-1481.csv,22249.81,16965.0,41581.0,14.0,1
matonwalk-1482.csv,26078.34,29848.0,43978.600000000006,14.0,1
matonwalk-1483.csv,18984.9,6564.5,39350.7,14.0,1
matonwalk-1484.csv,15629.48,5386.0,40383.700000000004,14.0,1
matonwalk-1485.csv,7919.78,6967.5,12583.6,14.0,1
matonwalk-1486.csv,6107.83,5647.0,9661.300000000005,14.0,1
matonwalk-1487.csv,4786.34,4649.0,7598.500000000001,14.0,1
matonwalk-1488.csv,4017.3,3847.5,6348.4000000000015,14.0,0
matonwalk-1489.csv,3511.56,3318.0,5601.1,14.0,0
matonwalk-149.csv,8678.6,5387.0,18602.7,14.0,1
matonwalk-1490.csv,3886.97,3702.0,6044.0,14.0,0
matonwalk-1491.csv,4408.46,4178.5,6643.6,14.0,0
matonwalk-1492.csv,5021.34,4650.0,8405.200000000003,14.0,1
matonwalk-1493.csv,6286.29,6020.5,9790.800000000003,14.0,1
matonwalk-1494.csv,6353.11,5161.0,11282.800000000001,14.0,1
matonwalk-1495.csv,6645.95,5182.0,11974.400000000001,14.0,1
matonwalk-1496.csv,7266.14,6171.5,11941.1,14.0,1
matonwalk-1497.csv,7481.59,6436.0,12083.0,14.0,1
matonwalk-1498.csv,7156.48,6884.0,12568.5,14.0,1
matonwalk-1499.csv,6502.49,5992.0,12225.0,14.0,1
matonwalk-15.csv,5202.08,5510.0,6914.3,15.0,1
matonwalk-150.csv,7905.4,4927.5,19953.5,15.0,1
matonwalk-1500.csv,6160.0,5601.0,8985.600000000004,15.0,1
matonwalk-1501.csv,6203.95,5480.5,9632.0,15.0,1
matonwalk-1502.csv,7554.22,7062.5,11999.7,15.0,1
matonwalk-1503.csv,7893.86,6959.5,14452.0,15.0,1
matonwalk-1504.csv,7499.41,6203.5,17214.7,15.0,1
matonwalk-1505.csv,7956.86,6203.0,17333.5,15.0,1
matonwalk-1506.csv,8066.14,6023.5,16487.600000000002,15.0,1
matonwalk-1507.csv,8005.63,5274.0,15916.000000000004,15.0,1
matonwalk-1508.csv,7953.98,5162.0,15740.000000000002,15.0,1
matonwalk-1509.csv,7563.02,5601.0,14583.6,15.0,1
matonwalk-151.csv,6925.28,4763.5,21277.5,15.0,1
matonwalk-1510.csv,7512.51,6820.0,13569.4,15.0,1
matonwalk-1511.csv,7143.47,6926.5,12267.900000000001,15.0,1
matonwalk-1512.csv,7614.53,7616.0,12579.600000000002,15.0,1
matonwalk-1513.csv,6157.32,5629.5,10491.900000000001,15.0,1
matonwalk-1514.csv,5183.88,4944.0,8719.0,15.0,1
matonwalk-1515.csv,4509.18,4680.0,6841.300000000001,15.0,0
matonwalk-1516.csv,4204.5,4401.0,5941.200000000001,15.0,0
matonwalk-1517.csv,4312.51,4486.5,6214.0,15.0,0
matonwalk-1518.csv,4516.78,4671.5,6392.100000000003,15.0,0
matonwalk-1519.csv,4799.75,4836.0,7072.200000000001,15.0,1
matonwalk-152.csv,7009.69,5882.0,8495.500000000135,15.0,1
matonwalk-1520.csv,5455.91,5319.5,8096.9000000000015,15.0,1
matonwalk-1521.csv,5820.51,5601.5,8867.300000000001,15.0,1
matonwalk-1522.csv,6839.01,6876.0,10417.200000000003,15.0,1
matonwalk-1523.csv,7096.09,7027.5,11165.000000000004,15.0,1
matonwalk-1524.csv,7703.81,7113.0,12634.400000000001,15.0,1
matonwalk-1525.csv,9166.55,9637.5,14603.400000000001,15.0,1
matonwalk-1526.csv,8960.68,8209.0,16066.0,15.0,1
matonwalk-1527.csv,8185.55,6203.5,15789.300000000003,15.0,1
matonwalk-1528.csv,8652.06,6268.5,16705.7,15.0,1
matonwalk-1529.csv,10127.03,10156.0,16968.2,15.0,1
matonwalk-153.csv,5654.94,4676.0,6204.0,15.0,1
matonwalk-1530.csv,10409.52,10156.0,16965.0,15.0,1
matonwalk-1531.csv,12517.4,10156.0,17411.9,15.0,1
matonwalk-1532.csv,15363.52,10156.0,29848.0,15.0,1
matonwalk-1533.csv,18582.5,16965.0,38393.1,15.0,1
matonwalk-1534.csv,22875.73,19370.0,37903.100000000006,15.0,1
matonwalk-1535.csv,24418.57,19728.0,40374.4,15.0,1
matonwalk-1536.csv,21430.49,27736.0,38868.200000000004,15.0,1
matonwalk-1537.csv,17273.69,6203.0,39669.700000000004,15.0,1
matonwalk-1538.csv,7126.8,6652.0,12448.900000000001,15.0,1
matonwalk-1539.csv,5590.87,5180.0,9476.500000000004,15.0,1
matonwalk-154.csv,5391.72,4928.0,6204.0,15.0,1
matonwalk-1540.csv,4935.51,4680.5,7461.200000000001,15.0,1
matonwalk-1541.csv,4244.93,4196.5,6209.700000000001,15.0,0
matonwalk-1542.csv,4183.69,3982.5,6203.0,15.0,0
matonwalk-1543.csv,4557.82,4487.0,6586.100000000001,15.0,0
matonwalk-1544.csv,4970.9,4759.5,7262.700000000005,15.0,1
matonwalk-1545.csv,6254.6,5728.0,10200.000000000004,15.0,1
matonwalk-1546.csv,7333.07,7082.0,11975.600000000002,15.0,1
matonwalk-1547.csv,8022.73,7082.0,12801.0,15.0,1
matonwalk-1548.csv,8051.3,6087.5,14305.7,15.0,1
matonwalk-1549.csv,8737.6,7082.0,14482.500000000002,15.0,1
matonwalk-155.csv,8711.18,8658.0,8658.0,15.0,1
matonwalk-1550.csv,8870.18,8109.0,14552.400000000001,15.0,1
matonwalk-1551.csv,9253.03,9932.5,14907.4,15.0,1
matonwalk-1552.csv,7697.72,6491.5,15489.5,15.0,1
matonwalk-1553.csv,7035.24,5902.5,15255.000000000002,15.0,1
matonwalk-1554.csv,6672.43,5274.0,15132.10000000001,15.0,1
matonwalk-1555.csv,6841.99,5382.0,11074.800000000025,15.0,1
matonwalk-1556.csv,7430.68,5602.0,14337.0,15.0,1
matonwalk-1557.csv,8499.75,7238.0,14350.0,15.0,1
matonwalk-1558.csv,7989.3,6164.0,17761.300000000007,15.0,1
matonwalk-1559.csv,7907.64,5184.0,17501.100000000002,15.0,1
matonwalk-156.csv,10321.53,8658.0,28227.500000000007,15.0,1
matonwalk-1560.csv,7939.68,4926.0,17546.9,15.0,1
matonwalk-1561.csv,7937.44,4926.0,16361.900000000003,15.0,1
matonwalk-1562.csv,7703.73,5161.0,15991.800000000001,15.0,1
matonwalk-1563.csv,7582.45,6203.5,14209.400000000005,15.0,1
matonwalk-1564.csv,7431.17,7406.5,13081.2,15.0,1
matonwalk-1565.csv,6828.16,6765.5,11359.400000000003,15.0,1
matonwalk-1566.csv,6282.88,6165.0,10366.4,15.0,1
matonwalk-1567.csv,5676.03,5380.0,9575.300000000001,15.0,1
matonwalk-1568.csv,4838.01,4680.5,7694.200000000001,15.0,1
matonwalk-1569.csv,4137.79,4040.0,6203.3,15.0,0
matonwalk-157.csv,12316.78,8658.0,33974.200000000004,15.0,1
matonwalk-1570.csv,3877.83,3906.0,5552.900000000001,15.0,0
matonwalk-1571.csv,3857.51,3896.5,5521.900000000001,15.0,0
matonwalk-1572.csv,4134.8,4093.5,5991.900000000001,15.0,0
matonwalk-1573.csv,5027.64,4929.0,7269.500000000001,15.0,1
matonwalk-1574.csv,5987.96,5804.0,8831.3,15.0,1
matonwalk-1575.csv,6435.84,6706.5,9471.5,15.0,1
matonwalk-1576.csv,6635.05,6186.5,10631.900000000001,15.0,1
matonwalk-1577.csv,7169.83,6642.0,12018.6,15.0,1
matonwalk-1578.csv,8335.6,8732.0,13004.8,15.0,1
matonwalk-1579.csv,8709.67,9337.0,12930.300000000001,15.0,1
matonwalk-158.csv,16260.16,8658.0,39387.00000000001,15.0,1
matonwalk-1580.csv,7995.41,6888.0,14714.200000000003,15.0,1
matonwalk-1581.csv,7751.66,5659.0,14355.7,15.0,1
matonwalk-1582.csv,7833.1,5601.0,14355.0,15.0,1
matonwalk-1583.csv,8440.01,5601.5,14355.0,15.0,1
matonwalk-1584.csv,10461.54,6925.0,14861.300000000005,15.0,1
matonwalk-1585.csv,18453.69,19370.0,19728.0,15.0,1
matonwalk-1586.csv,20191.59,19370.0,37568.700000000004,15.0,1
matonwalk-1587.csv,21789.28,19370.0,37832.0,15.0,1
matonwalk-1588.csv,23160.5,19370.0,37832.0,15.0,1
matonwalk-1589.csv,23033.33,19370.0,29848.0,15.0,1
matonwalk-159.csv,20650.76,8658.0,42141.9,15.0,1
matonwalk-1590.csv,22872.23,21614.0,29848.0,15.0,1
matonwalk-16.csv,4521.81,4763.5,6301.9,16.0,0
matonwalk-160.csv,4056.89,3945.0,6209.6,16.0,0
matonwalk-161.csv,4324.44,4337.0,6254.9,16.0,0
matonwalk-162.csv,4568.43,4675.5,6317.700000000001,16.0,0
matonwalk-163.csv,4738.62,4924.0,6254.300000000001,16.0,1
matonwalk-164.csv,5499.01,5602.0,6986.0,16.0,1
matonwalk-165.csv,5190.74,5387.5,6938.500000000001,16.0,1
matonwalk-166.csv,4685.43,4882.5,6446.600000000001,16.0,0
matonwalk-167.csv,4240.5,4321.0,6016.900000000001,16.0,0
matonwalk-168.csv,4048.32,4125.5,5580.2,16.0,0
matonwalk-169.csv,3894.68,3841.5,5488.600000000002,16.0,0
matonwalk-17.csv,4339.18,4289.5,6236.4,17.0,0
matonwalk-170.csv,3477.07,3327.0,5173.2,17.0,0
matonwalk-171.csv,3249.33,3127.0,5184.200000000001,17.0,0
matonwalk-172.csv,4002.67,3848.0,6196.0,17.0,0
matonwalk-173.csv,4582.84,4666.5,6480.7,17.0,0
matonwalk-174.csv,4765.56,5008.5,6314.0,17.0,1
matonwalk-175.csv,4828.83,4839.5,6256.900000000001,17.0,1
matonwalk-176.csv,4670.58,4806.5,6208.0,17.0,0
matonwalk-177.csv,4072.77,4176.0,5812.6,17.0,0
matonwalk-178.csv,3675.93,3544.5,5708.1,17.0,0
matonwalk-179.csv,3344.9,3322.0,5531.9,17.0,0
matonwalk-18.csv,4750.03,4567.0,6667.600000000002,18.0,1
matonwalk-180.csv,4555.69,4476.0,6798.300000000003,18.0,0
matonwalk-181.csv,5400.0,5197.5,7706.6,18.0,1
matonwalk-182.csv,5643.66,5481.5,7755.000000000003,18.0,1
matonwalk-183.csv,5417.98,5564.5,7328.500000000001,18.0,1
matonwalk-184.csv,4526.05,4742.0,6339.4000000000015,18.0,0
matonwalk-185.csv,4323.5,4631.5,6204.0,18.0,0
matonwalk-186.csv,4445.14,4621.0,6204.8,18.0,0
matonwalk-187.csv,4487.28,4681.5,6205.0,18.0,0
matonwalk-188.csv,4420.65,4692.0,6216.8,18.0,0
matonwalk-189.csv,4205.75,4200.0,6204.0,18.0,0
matonwalk-19.csv,5118.95,4910.5,7278.600000000002,19.0,1
matonwalk-190.csv,4158.21,4144.0,6204.0,19.0,0
matonwalk-191.csv,4148.2,4144.0,6204.0,19.0,0
matonwalk-192.csv,4721.85,4927.0,6934.8,19.0,0
matonwalk-193.csv,4532.27,4695.5,6385.700000000002,19.0,0
matonwalk-194.csv,4274.36,4354.5,6204.0,19.0,0
matonwalk-195.csv,4855.57,5018.5,6995.600000000002,19.0,1
matonwalk-196.csv,5511.84,4961.0,9960.500000000002,19.0,1
matonwalk-197.csv,6207.48,4928.0,12179.5,19.0,1
matonwalk-198.csv,7226.38,5625.5,14584.800000000003,19.0,1
matonwalk-199.csv,8890.42,6723.0,17639.7,19.0,1
matonwalk-2.csv,4094.07,4144.0,5709.100000000001,2.0,0
matonwalk-20.csv,5208.12,5061.0,7365.300000000002,20.0,1
matonwalk-200.csv,12878.12,15499.0,19682.800000000003,20.0,1
matonwalk-201.csv,15253.79,17836.5,21597.800000000003,20.0,1
matonwalk-202.csv,10023.33,6204.0,19580.2,20.0,1
matonwalk-203.csv,9286.04,5162.0,21061.800000000003,20.0,1
matonwalk-204.csv,8641.46,5162.0,22656.4,20.0,1
matonwalk-205.csv,8605.93,5882.0,24009.300000000003,20.0,1
matonwalk-206.csv,8377.6,5882.0,25366.600000000002,20.0,1
matonwalk-207.csv,9434.58,8658.0,10596.300000000165,20.0,1
matonwalk-208.csv,9808.56,8658.0,8658.0,20.0,1
matonwalk-209.csv,11245.0,8658.0,35375.100000000006,20.0,1
matonwalk-21.csv,5893.95,5701.0,8705.400000000003,21.0,1
matonwalk-210.csv,13345.41,8658.0,38353.700000000004,21.0,1
matonwalk-211.csv,17119.65,8658.0,41691.200000000004,21.0,1
matonwalk-212.csv,20755.72,8658.0,43885.100000000006,21.0,1
matonwalk-213.csv,3779.06,3914.5,5749.700000000002,21.0,0
matonwalk-214.csv,4373.71,4392.0,6558.4000000000015,21.0,0
matonwalk-215.csv,4654.69,4695.0,6435.6,21.0,0
matonwalk-216.csv,4710.64,4896.0,6220.1,21.0,0
matonwalk-217.csv,4981.45,5195.5,6245.3,21.0,1
matonwalk-218.csv,4754.82,5126.0,6204.2,21.0,1
matonwalk-219.csv,4553.58,4658.0,6276.500000000001,21.0,0
matonwalk-22.csv,7002.0,6675.0,10921.0,22.0,1
matonwalk-220.csv,4418.52,4526.0,6187.8,22.0,0
matonwalk-221.csv,3958.66,4152.0,5518.700000000001,22.0,0
matonwalk-222.csv,3561.1,3650.5,5199.000000000002,22.0,0
matonwalk-223.csv,3261.05,3184.5,5180.000000000001,22.0,0
matonwalk-224.csv,3440.86,3172.0,5242.200000000002,22.0,0
matonwalk-225.csv,3446.92,3321.0,5308.700000000001,22.0,0
matonwalk-226.csv,3723.65,3604.0,5823.200000000001,22.0,0
matonwalk-227.csv,4412.7,4469.5,6290.0,22.0,0
matonwalk-228.csv,4643.81,4745.0,6111.200000000001,22.0,0
matonwalk-229.csv,4717.23,4719.5,6366.500000000001,22.0,0
matonwalk-23.csv,6529.38,6322.0,11038.300000000003,23.0,1
matonwalk-230.csv,4460.52,4537.0,6035.000000000001,23.0,0
matonwalk-231.csv,3910.43,3871.0,5735.700000000001,23.0,0
matonwalk-232.csv,3197.47,3179.5,5041.500000000001,23.0,0
matonwalk-233.csv,4149.76,4031.5,6410.5,23.0,0
matonwalk-234.csv,4847.13,4885.0,7023.100000000001,23.0,1
matonwalk-235.csv,5064.76,4986.0,7068.6,23.0,1
matonwalk-236.csv,4917.16,4928.0,6650.300000000001,23.0,1
matonwalk-237.csv,4418.58,4681.0,6277.3,23.0,0
matonwalk-238.csv,4166.81,4149.5,6204.0,23.0,0
matonwalk-239.csv,4244.62,4247.5,6204.0,23.0,0
matonwalk-24.csv,5868.24,5775.0,9806.0,24.0,1
matonwalk-240.csv,4348.9,4630.5,6209.0,24.0,0
matonwalk-241.csv,4189.38,4245.5,6204.0,24.0,0
matonwalk-242.csv,4592.17,4875.0,6757.400000000001,24.0,0
matonwalk-243.csv,4987.61,5164.0,7505.8,24.0,1
matonwalk-244.csv,5195.54,5242.5,7478.400000000002,24.0,1
matonwalk-245.csv,5206.42,5223.0,7606.900000000001,24.0,1
matonwalk-246.csv,5050.83,5239.0,7558.400000000001,24.0,1
matonwalk-247.csv,4736.75,4966.0,6980.100000000001,24.0,1
matonwalk-248.csv,5012.17,5161.5,7897.100000000004,24.0,1
matonwalk-249.csv,5510.16,5161.5,10258.300000000001,24.0,1
matonwalk-25.csv,5818.76,5593.0,8908.4,25.0,1
matonwalk-250.csv,6232.75,5161.0,12321.900000000003,25.0,1
matonwalk-251.csv,7628.43,6171.0,15329.1,25.0,1
matonwalk-252.csv,9423.26,9704.0,17538.000000000004,25.0,1
matonwalk-253.csv,13278.3,15770.0,19791.400000000005,25.0,1
matonwalk-254.csv,15805.12,18071.5,21856.4,25.0,1
matonwalk-255.csv,18639.54,20164.5,24265.0,25.0,1
matonwalk-256.csv,11102.83,5602.0,22416.4,25.0,1
matonwalk-257.csv,11551.87,6529.0,24695.9,25.0,1
matonwalk-258.csv,11306.75,6204.0,26216.000000000007,25.0,1
matonwalk-259.csv,10661.83,5882.0,28496.00000000001,25.0,1
matonwalk-26.csv,5296.53,5162.0,8204.1,26.0,1
matonwalk-260.csv,12072.24,8658.0,32945.4,26.0,1
matonwalk-261.csv,13546.49,8658.0,36437.2,26.0,1
matonwalk-262.csv,14420.38,8658.0,38846.2,26.0,1
matonwalk-263.csv,15815.18,8658.0,41260.1,26.0,1
matonwalk-264.csv,19865.1,8658.0,43524.0,26.0,1
matonwalk-265.csv,23389.08,8658.0,45412.700000000004,26.0,1
matonwalk-266.csv,4035.3,4113.5,6148.400000000001,26.0,0
matonwalk-267.csv,4115.49,4090.0,6269.7,26.0,0
matonwalk-268.csv,4582.44,4544.5,6864.5,26.0,0
matonwalk-269.csv,4793.74,4836.5,6629.1,26.0,1
matonwalk-27.csv,4961.44,5006.5,6980.000000000001,27.0,1
matonwalk-270.csv,4807.79,4910.0,6297.3,27.0,1
matonwalk-271.csv,4649.64,4760.0,6223.300000000002,27.0,0
matonwalk-272.csv,4339.72,4219.5,6230.6,27.0,0
matonwalk-273.csv,4043.88,3925.0,5652.200000000001,27.0,0
matonwalk-274.csv,3843.11,4014.5,5234.3,27.0,0
matonwalk-275.csv,3730.88,3770.0,5341.500000000001,27.0,0
matonwalk-276.csv,3485.75,3467.0,5390.0,27.0,0
matonwalk-277.csv,3198.75,3185.0,5164.2,27.0,0
matonwalk-278.csv,3389.94,3235.5,5251.700000000001,27.0,0
matonwalk-279.csv,3364.75,3205.0,5333.700000000001,27.0,0
matonwalk-28.csv,4332.32,4506.5,6204.3,28.0,0
matonwalk-280.csv,3707.07,3632.5,5672.8,28.0,0
matonwalk-281.csv,4291.44,4469.5,6022.300000000001,28.0,0
matonwalk-282.csv,4272.83,4322.0,5934.100000000002,28.0,0
matonwalk-283.csv,3948.95,3912.0,5493.100000000001,28.0,0
matonwalk-284.csv,3429.62,3438.0,5185.300000000001,28.0,0
matonwalk-285.csv,3468.56,3474.0,5225.3,28.0,0
matonwalk-286.csv,4225.65,4140.5,6145.1,28.0,0
matonwalk-287.csv,4550.29,4540.0,6420.6,28.0,0
matonwalk-288.csv,4627.23,4726.5,6619.400000000001,28.0,0
matonwalk-289.csv,4572.6,4687.0,6554.6,28.0,0
matonwalk-29.csv,4317.04,4544.5,6204.0,29.0,0
matonwalk-290.csv,4350.59,4431.5,6207.5,29.0,0
matonwalk-291.csv,4125.72,4144.0,5758.500000000005,29.0,0
matonwalk-292.csv,4239.34,4219.5,6204.0,29.0,0
matonwalk-293.csv,4165.74,4164.5,6204.0,29.0,0
matonwalk-294.csv,4322.69,4581.5,6214.6,29.0,0
matonwalk-295.csv,4835.25,4936.5,7119.600000000002,29.0,1
matonwalk-296.csv,5244.23,5353.0,7588.100000000001,29.0,1
matonwalk-297.csv,5491.59,5683.5,7380.900000000001,29.0,1
matonwalk-298.csv,5258.72,5419.5,6930.3,29.0,1
matonwalk-299.csv,5149.13,5161.5,7535.1,29.0,1
matonwalk-3.csv,4048.97,4149.5,5607.400000000001,3.0,0
matonwalk-30.csv,4558.08,4727.5,6493.200000000001,30.0,0
matonwalk-300.csv,4890.6,4962.0,7178.9000000000015,30.0,1
matonwalk-301.csv,5038.79,5161.5,7570.4000000000015,30.0,1
matonwalk-302.csv,5575.73,5481.0,9653.000000000007,30.0,1
matonwalk-303.csv,6334.82,5602.0,12384.3,30.0,1
matonwalk-304.csv,7587.24,6406.0,14767.800000000003,30.0,1
matonwalk-305.csv,9323.16,9488.5,17361.100000000006,30.0,1
matonwalk-306.csv,11646.26,13733.5,19696.900000000005,30.0,1
matonwalk-307.csv,15936.92,18025.0,21908.0,30.0,1
matonwalk-308.csv,18676.61,20053.5,24261.9,30.0,1
matonwalk-309.csv,13499.7,17358.0,24097.6,30.0,1
matonwalk-31.csv,4437.38,4703.5,6213.2,31.0,0
matonwalk-310.csv,13607.5,6529.0,26497.6,31.0,1
matonwalk-311.csv,13770.44,6529.0,28912.3,31.0,1
matonwalk-312.csv,14123.7,6529.0,31489.000000000007,31.0,1
matonwalk-313.csv,15389.9,8658.0,34827.4,31.0,1
matonwalk-314.csv,16553.93,8658.0,37260.2,31.0,1
matonwalk-315.csv,17362.62,8658.0,39686.8,31.0,1
matonwalk-316.csv,19027.49,8658.0,42158.1,31.0,1
matonwalk-317.csv,23399.15,8658.0,44547.3,31.0,1
matonwalk-318.csv,26885.73,39359.5,46835.5,31.0,1
matonwalk-319.csv,4425.69,4508.5,6526.6,31.0,0
matonwalk-32.csv,4180.21,4186.0,6204.0,32.0,0
matonwalk-320.csv,3971.12,4086.5,5798.600000000001,32.0,0
matonwalk-321.csv,4382.32,4230.0,6926.7,32.0,0
matonwalk-322.csv,4508.29,4260.5,6789.500000000002,32.0,0
matonwalk-323.csv,4449.12,4413.0,6207.400000000001,32.0,0
matonwalk-324.csv,4302.22,4055.0,6205.8,32.0,0
matonwalk-325.csv,3841.71,3463.0,6263.3,32.0,0
matonwalk-326.csv,3818.68,3706.0,5676.600000000001,32.0,0
matonwalk-327.csv,3860.76,3878.5,5172.700000000001,32.0,0
matonwalk-328.csv,3922.52,3951.5,5406.900000000001,32.0,0
matonwalk-329.csv,3824.18,3827.5,5166.6,32.0,0
matonwalk-33.csv,4436.15,4686.0,6221.1,33.0,0
matonwalk-330.csv,3714.53,3761.0,5177.9,33.0,0
matonwalk-331.csv,3577.45,3624.0,5167.400000000001,33.0,0
matonwalk-332.csv,3324.91,3166.5,4984.200000000002,33.0,0
matonwalk-333.csv,2995.3,2975.5,4730.700000000001,33.0,0
matonwalk-334.csv,3491.76,3486.5,5022.1,33.0,0
matonwalk-335.csv,3642.39,3794.5,4942.600000000002,33.0,0
matonwalk-336.csv,3713.89,3644.0,5337.100000000001,33.0,0
matonwalk-337.csv,3359.09,3477.5,5010.0,33.0,0
matonwalk-338.csv,3673.41,3787.5,5332.000000000001,33.0,0
matonwalk-339.csv,4197.63,4144.0,6013.6,33.0,0
matonwalk-34.csv,4730.15,4801.5,6763.100000000001,34.0,1
matonwalk-340.csv,4351.59,4398.5,6112.700000000001,34.0,0
matonwalk-341.csv,4221.69,4437.0,5960.800000000001,34.0,0
matonwalk-342.csv,4188.12,4217.0,6001.900000000001,34.0,0
matonwalk-343.csv,4237.22,4251.0,6204.0,34.0,0
matonwalk-344.csv,4227.68,4242.0,6179.7,34.0,0
matonwalk-345.csv,4259.46,4227.0,6204.0,34.0,0
matonwalk-346.csv,4198.32,4162.0,6204.0,34.0,0
matonwalk-347.csv,4236.99,4386.5,6204.0,34.0,0
matonwalk-348.csv,4659.48,4689.0,6937.100000000001,34.0,0
matonwalk-349.csv,5064.05,5168.0,7167.0,34.0,1
matonwalk-35.csv,5108.03,4935.5,7489.500000000003,35.0,1
matonwalk-350.csv,5195.75,5603.5,6932.8,35.0,1
matonwalk-351.csv,5374.99,5768.5,6964.7,35.0,1
matonwalk-352.csv,5365.57,5378.0,7292.600000000002,35.0,1
matonwalk-353.csv,4934.89,5182.5,7008.5,35.0,1
matonwalk-354.csv,5118.51,5402.0,7369.700000000001,35.0,1
matonwalk-355.csv,5503.18,5204.0,9081.600000000004,35.0,1
matonwalk-356.csv,6396.35,5602.0,11684.7,35.0,1
matonwalk-357.csv,7615.91,6474.0,14357.9,35.0,1
matonwalk-358.csv,9640.95,9810.5,17442.2,35.0,1
matonwalk-359.csv,11630.22,11850.5,18735.0,35.0,1
matonwalk-36.csv,5560.11,5545.5,8418.7,36.0,1
matonwalk-360.csv,13334.04,14576.5,21439.100000000002,36.0,1
matonwalk-361.csv,15124.15,15210.0,23829.000000000004,36.0,1
matonwalk-362.csv,17323.62,18584.0,26230.000000000004,36.0,1
matonwalk-363.csv,15779.83,20618.5,27331.3,36.0,1
matonwalk-364.csv,16009.59,6926.0,29761.7,36.0,1
matonwalk-365.csv,16992.58,6727.5,32486.300000000007,36.0,1
matonwalk-366.csv,18139.86,8658.0,34900.700000000004,36.0,1
matonwalk-367.csv,19240.69,8658.0,37229.80000000001,36.0,1
matonwalk-368.csv,20768.09,8658.0,39659.00000000001,36.0,1
matonwalk-369.csv,22685.17,8658.0,42901.9,36.0,1
matonwalk-37.csv,4150.66,4144.0,6204.0,37.0,0
matonwalk-370.csv,26066.81,36806.0,45396.9,37.0,1
matonwalk-371.csv,30543.34,27357.0,44039.5,37.0,1
matonwalk-372.csv,4403.24,4412.5,6296.000000000001,37.0,0
matonwalk-373.csv,3775.09,3882.0,5727.100000000001,37.0,0
matonwalk-374.csv,3743.15,3615.5,5698.600000000001,37.0,0
matonwalk-375.csv,3919.59,3775.5,6133.400000000001,37.0,0
matonwalk-376.csv,3850.31,3756.5,5949.6,37.0,0
matonwalk-377.csv,3558.99,3244.5,5940.900000000001,37.0,0
matonwalk-378.csv,3133.38,2898.5,5383.3,37.0,0
matonwalk-379.csv,3488.06,3409.5,5473.000000000001,37.0,0
matonwalk-38.csv,4191.42,4144.0,6204.0,38.0,0
matonwalk-380.csv,3818.96,3910.0,5340.900000000001,38.0,0
matonwalk-381.csv,3793.09,3850.5,5470.2,38.0,0
matonwalk-382.csv,3784.87,3830.0,5127.0,38.0,0
matonwalk-383.csv,3805.02,3800.0,5186.900000000001,38.0,0
matonwalk-384.csv,3676.19,3811.5,5135.0,38.0,0
matonwalk-385.csv,3587.89,3716.5,5108.1,38.0,0
matonwalk-386.csv,3564.28,3518.5,5399.200000000001,38.0,0
matonwalk-387.csv,2936.1,2891.0,4621.0,38.0,0
matonwalk-388.csv,3393.82,3494.0,4851.000000000001,38.0,0
matonwalk-389.csv,3654.05,3619.5,5099.900000000001,38.0,0
matonwalk-39.csv,6328.11,5602.0,12098.900000000001,39.0,1
matonwalk-390.csv,3411.32,3415.0,4956.1,39.0,0
matonwalk-391.csv,3292.84,3193.5,4927.5,39.0,0
matonwalk-392.csv,3778.26,3833.0,5215.600000000002,39.0,0
matonwalk-393.csv,4004.95,4095.5,5370.200000000001,39.0,0
matonwalk-394.csv,3970.17,4145.0,5553.500000000001,39.0,0
matonwalk-395.csv,4088.14,4176.0,5800.900000000001,39.0,0
matonwalk-396.csv,4120.9,4146.0,6002.500000000002,39.0,0
matonwalk-397.csv,4124.3,4150.5,5693.400000000001,39.0,0
matonwalk-398.csv,4134.11,4187.0,5619.8,39.0,0
matonwalk-399.csv,4228.26,4469.5,5805.1,39.0,0
matonwalk-4.csv,4322.5,4398.0,5959.400000000001,4.0,0
matonwalk-40.csv,6511.39,5602.0,13205.9,40.0,1
matonwalk-400.csv,4480.31,4680.5,6204.5,40.0,0
matonwalk-401.csv,4633.6,4681.0,6525.500000000003,40.0,0
matonwalk-402.csv,4958.84,5133.0,7447.1,40.0,1
matonwalk-403.csv,5122.49,5398.0,7250.600000000001,40.0,1
matonwalk-404.csv,5171.53,5421.0,7142.8,40.0,1
matonwalk-405.csv,5037.72,5172.0,6928.900000000001,40.0,1
matonwalk-406.csv,4612.91,4901.0,6435.200000000001,40.0,0
matonwalk-407.csv,5069.37,5331.0,7569.400000000001,40.0,1
matonwalk-408.csv,5990.44,6034.5,8954.2,40.0,1
matonwalk-409.csv,6743.53,6204.0,11129.500000000004,40.0,1
matonwalk-41.csv,6349.43,5162.0,13724.900000000005,41.0,1
matonwalk-410.csv,7602.61,7026.0,12976.100000000004,41.0,1
matonwalk-411.csv,8509.29,8315.5,15219.900000000003,41.0,1
matonwalk-412.csv,10843.58,9605.0,18001.9,41.0,1
matonwalk-413.csv,12441.71,13250.0,20811.200000000004,41.0,1
matonwalk-414.csv,14274.85,14911.0,23447.100000000002,41.0,1
matonwalk-415.csv,16064.93,14911.0,25875.4,41.0,1
matonwalk-416.csv,17867.92,17622.5,28250.9,41.0,1
matonwalk-417.csv,19981.74,20878.0,30309.600000000002,41.0,1
matonwalk-418.csv,19074.17,25207.0,33037.8,41.0,1
matonwalk-419.csv,23100.75,21503.0,34869.700000000004,41.0,1
matonwalk-42.csv,6288.6,5143.0,14897.200000000006,42.0,1
matonwalk-420.csv,24267.79,21503.0,37294.3,42.0,1
matonwalk-421.csv,25289.26,21503.0,39558.700000000004,42.0,1
matonwalk-422.csv,26528.54,21503.0,41306.5,42.0,1
matonwalk-423.csv,27448.3,21503.0,42671.100000000006,42.0,1
matonwalk-424.csv,28105.45,25689.5,44210.9,42.0,1
matonwalk-425.csv,4305.58,4272.5,6217.500000000001,42.0,0
matonwalk-426.csv,3876.87,3816.5,5994.000000000001,42.0,0
matonwalk-427.csv,3192.15,3125.0,4989.0,42.0,0
matonwalk-428.csv,2993.9,2884.0,4514.3,42.0,0
matonwalk-429.csv,3171.36,3225.0,4757.1,42.0,0
matonwalk-43.csv,6053.19,4683.5,16106.400000000005,43.0,1
matonwalk-430.csv,3060.2,3033.0,4812.6,43.0,0
matonwalk-431.csv,3024.09,3017.0,4808.700000000001,43.0,0
matonwalk-432.csv,3566.14,3620.0,5388.5,43.0,0
matonwalk-433.csv,3427.37,3509.0,5165.1,43.0,0
matonwalk-434.csv,3413.0,3426.5,5147.7,43.0,0
matonwalk-435.csv,3473.11,3397.5,5174.200000000001,43.0,0
matonwalk-436.csv,3514.47,3316.5,5260.500000000001,43.0,0
matonwalk-437.csv,3578.58,3537.5,5093.8,43.0,0
matonwalk-438.csv,3683.28,3846.0,5123.9,43.0,0
matonwalk-439.csv,3603.96,3581.5,5141.3,43.0,0
matonwalk-44.csv,6468.07,4927.0,16519.40000000001,44.0,1
matonwalk-440.csv,3082.72,3094.5,4763.400000000001,44.0,0
matonwalk-441.csv,3265.62,3300.5,4774.0,44.0,0
matonwalk-442.csv,3612.41,3519.5,4867.5,44.0,0
matonwalk-443.csv,3501.75,3518.5,4842.6,44.0,0
matonwalk-444.csv,2811.85,2733.5,4262.500000000001,44.0,0
matonwalk-445.csv,3369.39,3446.0,4749.2,44.0,0
matonwalk-446.csv,3644.53,3624.0,4914.900000000001,44.0,0
matonwalk-447.csv,3659.52,3875.0,5059.400000000001,44.0,0
matonwalk-448.csv,3892.76,4055.0,5443.700000000001,44.0,0
matonwalk-449.csv,4074.72,4170.0,5613.1,44.0,0
matonwalk-45.csv,5849.15,4549.0,15838.400000000009,45.0,1
matonwalk-450.csv,4077.51,4147.5,5604.2,45.0,0
matonwalk-451.csv,4006.93,4084.5,5603.1,45.0,0
matonwalk-452.csv,3990.84,4083.0,5604.6,45.0,0
matonwalk-453.csv,4209.94,4274.0,5770.500000000001,45.0,0
matonwalk-454.csv,4624.4,4665.0,6597.200000000001,45.0,0
matonwalk-455.csv,5215.77,5110.5,7540.300000000001,45.0,1
matonwalk-456.csv,5489.48,5269.5,7651.400000000001,45.0,1
matonwalk-457.csv,5333.25,5368.0,7247.4000000000015,45.0,1
matonwalk-458.csv,4818.35,4994.0,6884.6,45.0,1
matonwalk-459.csv,4238.39,4360.0,6209.200000000001,45.0,0
matonwalk-46.csv,5811.83,4179.0,6926.0,46.0,1
matonwalk-460.csv,4969.15,5152.5,7385.400000000001,46.0,1
matonwalk-461.csv,6111.0,5949.5,9531.0,46.0,1
matonwalk-462.csv,6094.67,5417.0,10331.300000000001,46.0,1
matonwalk-463.csv,6875.13,6204.0,11356.700000000004,46.0,1
matonwalk-464.csv,7812.16,7264.0,13791.6,46.0,1
matonwalk-465.csv,8977.15,8669.5,15949.600000000004,46.0,1
matonwalk-466.csv,11663.09,12642.0,19319.000000000004,46.0,1
matonwalk-467.csv,13213.77,14216.5,22488.800000000003,46.0,1
matonwalk-468.csv,15012.35,14911.0,24913.800000000003,46.0,1
matonwalk-469.csv,16734.1,14911.0,27202.4,46.0,1
matonwalk-47.csv,6255.34,4680.5,8462.30000000013,47.0,1
matonwalk-470.csv,14571.7,8909.0,29215.400000000005,47.0,1
matonwalk-471.csv,15420.45,8909.0,31334.000000000004,47.0,1
matonwalk-472.csv,20010.64,21503.0,33755.3,47.0,1
matonwalk-473.csv,21264.51,21503.0,36179.8,47.0,1
matonwalk-474.csv,21882.42,21503.0,38443.8,47.0,1
matonwalk-475.csv,22923.09,21503.0,40229.00000000001,47.0,1
matonwalk-476.csv,23869.28,21503.0,41323.200000000004,47.0,1
matonwalk-477.csv,24549.12,21503.0,42681.1,47.0,1
matonwalk-478.csv,4525.24,4430.5,6606.800000000001,47.0,0
matonwalk-479.csv,3804.68,3589.5,5931.0,47.0,0
matonwalk-48.csv,7373.87,4871.0,25218.9,48.0,1
matonwalk-480.csv,3252.61,3173.0,4948.300000000001,48.0,0
matonwalk-481.csv,3397.37,3417.0,5119.8,48.0,0
matonwalk-482.csv,3616.88,3762.5,5097.500000000001,48.0,0
matonwalk-483.csv,3689.74,3639.0,5224.700000000001,48.0,0
matonwalk-484.csv,3653.78,3514.5,5307.500000000003,48.0,0
matonwalk-485.csv,3587.08,3510.5,5589.6,48.0,0
matonwalk-486.csv,3102.91,3048.5,5097.1,48.0,0
matonwalk-487.csv,2960.09,2846.0,4933.2,48.0,0
matonwalk-488.csv,3059.79,2877.0,4965.500000000001,48.0,0
matonwalk-489.csv,3197.06,3092.0,4954.200000000002,48.0,0
matonwalk-49.csv,10413.39,8658.0,27346.600000000002,49.0,1
matonwalk-490.csv,3278.8,3179.5,5025.2,49.0,0
matonwalk-491.csv,3406.25,3267.5,5045.0,49.0,0
matonwalk-492.csv,3386.74,3323.5,4864.6,49.0,0
matonwalk-493.csv,3055.25,3050.5,4499.700000000001,49.0,0
matonwalk-494.csv,2707.78,2709.0,4157.900000000001,49.0,0
matonwalk-495.csv,3456.21,3448.0,5008.4,49.0,0
matonwalk-496.csv,3539.31,3527.0,4770.700000000002,49.0,0
matonwalk-497.csv,2908.62,2851.5,4341.0,49.0,0
matonwalk-498.csv,3043.87,3080.5,4427.3,49.0,0
matonwalk-499.csv,3362.39,3381.5,4581.300000000001,49.0,0
matonwalk-5.csv,4391.85,4419.0,6174.6,5.0,0
matonwalk-50.csv,12342.4,8658.0,29790.800000000003,50.0,1
matonwalk-500.csv,3346.02,3460.0,4778.100000000001,50.0,0
matonwalk-501.csv,3565.06,3617.0,5173.9000000000015,50.0,0
matonwalk-502.csv,3821.32,3871.5,5404.200000000001,50.0,0
matonwalk-503.csv,3873.07,3859.5,5602.2,50.0,0
matonwalk-504.csv,3815.34,3848.5,5602.1,50.0,0
matonwalk-505.csv,3925.99,3880.0,5606.5,50.0,0
matonwalk-506.csv,4025.47,3995.0,5602.1,50.0,0
matonwalk-507.csv,4077.68,4127.5,5892.600000000003,50.0,0
matonwalk-508.csv,4550.18,4746.5,6642.900000000001,50.0,0
matonwalk-509.csv,4069.66,4143.5,5636.300000000003,50.0,0
matonwalk-51.csv,14817.6,8658.0,32282.200000000004,51.0,1
matonwalk-510.csv,4104.14,4144.0,6204.0,51.0,0
matonwalk-511.csv,4593.86,4726.5,6439.900000000001,51.0,0
matonwalk-512.csv,4182.84,4251.5,6007.9,51.0,0
matonwalk-513.csv,4945.29,4948.5,7527.500000000001,51.0,1
matonwalk-514.csv,5185.88,5067.0,7077.000000000003,51.0,1
matonwalk-515.csv,5558.6,5170.0,9339.100000000002,51.0,1
matonwalk-516.csv,6308.12,5780.0,10737.0,51.0,1
matonwalk-517.csv,7201.44,6550.5,12793.100000000004,51.0,1
matonwalk-518.csv,8262.03,7212.0,14059.6,51.0,1
matonwalk-519.csv,9561.77,8976.0,16316.300000000001,51.0,1
matonwalk-52.csv,18415.34,8658.0,35691.4,52.0,1
matonwalk-520.csv,12373.93,13075.0,19726.600000000006,52.0,1
matonwalk-521.csv,11762.36,8909.0,23924.500000000004,52.0,1
matonwalk-522.csv,11905.4,8194.0,26201.300000000003,52.0,1
matonwalk-523.csv,12421.18,8909.0,27958.000000000007,52.0,1
matonwalk-524.csv,12915.35,8909.0,30116.7,52.0,1
matonwalk-525.csv,17360.37,21503.0,31733.200000000008,52.0,1
matonwalk-526.csv,17784.34,21503.0,33899.1,52.0,1
matonwalk-527.csv,17909.92,21503.0,35504.90000000001,52.0,1
matonwalk-528.csv,19122.42,21503.0,37685.8,52.0,1
matonwalk-529.csv,20758.07,21503.0,39041.6,52.0,1
matonwalk-53.csv,22200.65,29051.0,38817.700000000004,53.0,1
matonwalk-530.csv,21571.17,21503.0,40397.5,53.0,1
matonwalk-531.csv,4610.57,4501.5,6949.200000000002,53.0,0
matonwalk-532.csv,3766.81,3641.0,6104.400000000001,53.0,0
matonwalk-533.csv,3327.48,3179.0,4974.800000000002,53.0,0
matonwalk-534.csv,3501.73,3534.0,5178.700000000001,53.0,0
matonwalk-535.csv,3557.16,3664.0,5178.800000000001,53.0,0
matonwalk-536.csv,3653.18,3675.0,5314.1,53.0,0
matonwalk-537.csv,3674.56,3612.5,5212.4000000000015,53.0,0
matonwalk-538.csv,3623.59,3515.0,5489.400000000001,53.0,0
matonwalk-539.csv,3538.08,3333.5,5387.2,53.0,0
matonwalk-54.csv,4038.73,4121.0,5652.0,54.0,0
matonwalk-540.csv,3532.48,3239.0,5387.8,54.0,0
matonwalk-541.csv,3495.5,3314.5,5203.9000000000015,54.0,0
matonwalk-542.csv,3331.25,3192.0,5111.9000000000015,54.0,0
matonwalk-543.csv,3050.0,3011.0,4762.1,54.0,0
matonwalk-544.csv,3003.81,2811.5,4648.900000000001,54.0,0
matonwalk-545.csv,3047.63,3026.5,4606.5,54.0,0
matonwalk-546.csv,3077.02,3132.5,4370.000000000001,54.0,0
matonwalk-547.csv,3093.0,3143.5,4491.400000000001,54.0,0
matonwalk-548.csv,2668.83,2609.0,4228.6,54.0,0
matonwalk-549.csv,3242.59,3178.0,4686.200000000001,54.0,0
matonwalk-55.csv,4207.46,4190.0,6099.600000000001,55.0,0
matonwalk-550.csv,2865.19,2869.0,4035.1,55.0,0
matonwalk-551.csv,2671.63,2749.5,3815.6000000000004,55.0,0
matonwalk-552.csv,3117.67,3104.0,4370.200000000001,55.0,0
matonwalk-553.csv,3160.46,3060.5,4693.100000000001,55.0,0
matonwalk-554.csv,3143.6,2943.0,4924.2,55.0,0
matonwalk-555.csv,3494.42,3431.0,5309.900000000001,55.0,0
matonwalk-556.csv,3564.33,3635.5,5384.500000000001,55.0,0
matonwalk-557.csv,3590.46,3395.0,5487.400000000001,55.0,0
matonwalk-558.csv,3639.35,3616.5,5395.5,55.0,0
matonwalk-559.csv,3767.83,3831.0,5456.5,55.0,0
matonwalk-56.csv,4535.26,4691.0,6316.000000000001,56.0,0
matonwalk-560.csv,3342.0,3388.0,5177.000000000001,56.0,0
matonwalk-561.csv,3862.9,3964.0,5500.8,56.0,0
matonwalk-562.csv,4304.16,4449.0,6089.700000000001,56.0,0
matonwalk-563.csv,3974.3,4077.5,5602.0,56.0,0
matonwalk-564.csv,3884.3,3847.5,5602.0,56.0,0
matonwalk-565.csv,4187.22,4128.5,6185.1,56.0,0
matonwalk-566.csv,4303.05,4175.5,6206.400000000001,56.0,0
matonwalk-567.csv,4772.94,4763.0,6894.5,56.0,1
matonwalk-568.csv,5212.05,5122.0,7698.400000000001,56.0,1
matonwalk-569.csv,5910.18,5724.5,9540.400000000001,56.0,1
matonwalk-57.csv,4676.29,4927.5,6345.5,57.0,0
matonwalk-570.csv,7289.44,7663.0,9955.2,57.0,1
matonwalk-571.csv,8308.22,8972.0,11433.0,57.0,1
matonwalk-572.csv,9105.93,9053.0,11507.400000000005,57.0,1
matonwalk-573.csv,8826.44,7499.0,13250.0,57.0,1
matonwalk-574.csv,9874.09,7745.0,14911.0,57.0,1
matonwalk-575.csv,9607.38,7745.0,14911.0,57.0,1
matonwalk-576.csv,9863.46,7745.0,14911.0,57.0,1
matonwalk-577.csv,8525.98,5423.0,18355.100000000082,57.0,1
matonwalk-578.csv,8312.35,5161.5,28478.30000000001,57.0,1
matonwalk-579.csv,14637.93,8909.0,29819.30000000001,57.0,1
matonwalk-58.csv,4785.95,4874.5,6483.0,58.0,1
matonwalk-580.csv,14379.25,8909.0,22565.60000000009,58.0,1
matonwalk-581.csv,14325.77,10751.0,21503.0,58.0,1
matonwalk-582.csv,17355.61,21503.0,26222.7,58.0,1
matonwalk-583.csv,18341.81,21503.0,26168.7,58.0,1
matonwalk-584.csv,4657.38,4581.5,6772.100000000001,58.0,0
matonwalk-585.csv,4044.41,3921.5,6415.400000000001,58.0,0
matonwalk-586.csv,3538.34,3498.5,5399.400000000001,58.0,0
matonwalk-587.csv,3563.7,3404.0,5172.500000000001,58.0,0
matonwalk-588.csv,3686.12,3663.0,5218.700000000002,58.0,0
matonwalk-589.csv,3435.73,3564.5,5288.6,58.0,0
matonwalk-59.csv,4517.39,4490.5,6216.4000000000015,59.0,0
matonwalk-590.csv,3600.12,3812.0,5161.3,59.0,0
matonwalk-591.csv,3152.55,3115.5,4951.4000000000015,59.0,0
matonwalk-592.csv,3341.34,3288.5,5002.100000000001,59.0,0
matonwalk-593.csv,3418.05,3384.5,5070.3,59.0,0
matonwalk-594.csv,3291.97,3218.5,4975.500000000001,59.0,0
matonwalk-595.csv,3256.01,3178.5,4916.3,59.0,0
matonwalk-596.csv,2927.59,2996.0,4472.5,59.0,0
matonwalk-597.csv,2878.1,2814.0,4428.700000000002,59.0,0
matonwalk-598.csv,2747.12,2656.5,4160.6,59.0,0
matonwalk-599.csv,2419.02,2353.5,3630.8,59.0,0
matonwalk-6.csv,4279.27,4217.5,6212.200000000001,6.0,0
matonwalk-60.csv,4119.51,4151.5,5993.000000000001,60.0,0
matonwalk-600.csv,2872.05,2956.0,4073.7000000000003,60.0,0
matonwalk-601.csv,2904.49,2953.0,4197.900000000001,60.0,0
matonwalk-602.csv,2616.39,2531.0,4009.5000000000005,60.0,0
matonwalk-603.csv,2333.71,2430.5,3334.3,60.0,0
matonwalk-604.csv,2666.31,2750.0,3779.5,60.0,0
matonwalk-605.csv,2819.96,2799.0,4162.900000000001,60.0,0
matonwalk-606.csv,2643.3,2537.5,4087.1000000000004,60.0,0
matonwalk-607.csv,2576.53,2573.0,4026.200000000001,60.0,0
matonwalk-608.csv,2773.67,2606.5,4558.6,60.0,0
matonwalk-609.csv,3304.51,3143.5,5162.800000000001,60.0,0
matonwalk-61.csv,4077.77,3992.0,5745.800000000001,61.0,0
matonwalk-610.csv,3351.66,3133.5,5277.4000000000015,61.0,0
matonwalk-611.csv,3225.17,3045.0,5202.900000000001,61.0,0
matonwalk-612.csv,3454.96,3434.0,5223.900000000001,61.0,0
matonwalk-613.csv,3961.7,4002.5,5667.500000000001,61.0,0
matonwalk-614.csv,4110.69,4106.0,5635.6,61.0,0
matonwalk-615.csv,4151.82,4207.5,5613.1,61.0,0
matonwalk-616.csv,4052.08,4100.0,5973.500000000001,61.0,0
matonwalk-617.csv,3759.88,3847.0,5862.300000000003,61.0,0
matonwalk-618.csv,3824.51,3859.5,5684.800000000002,61.0,0
matonwalk-619.csv,4243.51,4212.0,6204.0,61.0,0
matonwalk-62.csv,3943.11,3854.0,5700.300000000001,62.0,0
matonwalk-620.csv,4470.91,4682.0,6313.500000000001,62.0,0
matonwalk-621.csv,4840.07,4932.5,6873.8,62.0,1
matonwalk-622.csv,5658.44,5901.0,7689.000000000001,62.0,1
matonwalk-623.csv,6724.26,6861.5,9076.0,62.0,1
matonwalk-624.csv,7669.39,6926.0,13075.0,62.0,1
matonwalk-625.csv,7550.36,6204.0,13250.0,62.0,1
matonwalk-626.csv,7386.42,6204.0,13250.0,62.0,1
matonwalk-627.csv,7801.58,6204.0,14911.0,62.0,1
matonwalk-628.csv,7719.2,6453.0,14911.0,62.0,1
matonwalk-629.csv,7902.47,7745.0,14911.0,62.0,1
matonwalk-63.csv,3249.09,3083.5,5456.400000000001,63.0,0
matonwalk-630.csv,6060.53,5162.0,8622.20000000008,63.0,1
matonwalk-631.csv,5611.25,4927.5,6276.200000000006,63.0,1
matonwalk-632.csv,5704.73,4721.0,8848.0,63.0,1
matonwalk-633.csv,11497.01,6204.0,21503.0,63.0,1
matonwalk-634.csv,13053.27,6204.0,21503.0,63.0,1
matonwalk-635.csv,15312.6,21503.0,25990.0,63.0,1
matonwalk-636.csv,4510.23,4144.0,6204.0,63.0,0
matonwalk-637.csv,5012.39,4879.5,7550.900000000001,63.0,1
matonwalk-638.csv,4450.51,4390.0,6805.5,63.0,0
matonwalk-639.csv,3912.54,3984.0,6008.500000000001,63.0,0
matonwalk-64.csv,3657.88,3481.5,6074.5,64.0,0
matonwalk-640.csv,3631.26,3686.0,5625.100000000001,64.0,0
matonwalk-641.csv,3729.66,3590.0,5388.5,64.0,0
matonwalk-642.csv,3643.81,3653.5,5218.2,64.0,0
matonwalk-643.csv,3667.78,3850.0,5142.700000000001,64.0,0
matonwalk-644.csv,3555.6,3588.5,5162.1,64.0,0
matonwalk-645.csv,3598.31,3702.5,5175.1,64.0,0
matonwalk-646.csv,3444.66,3463.5,5044.500000000001,64.0,0
matonwalk-647.csv,3402.42,3446.5,5005.3,64.0,0
matonwalk-648.csv,3444.67,3399.5,5085.700000000001,64.0,0
matonwalk-649.csv,3600.58,3625.0,5273.500000000001,64.0,0
matonwalk-65.csv,4597.35,4383.5,6862.2,65.0,0
matonwalk-650.csv,3546.51,3585.5,5055.300000000001,65.0,0
matonwalk-651.csv,3242.78,3272.5,4623.400000000001,65.0,0
matonwalk-652.csv,2683.78,2588.5,4033.6000000000004,65.0,0
matonwalk-653.csv,2404.42,2376.0,3671.0000000000005,65.0,0
matonwalk-654.csv,2396.08,2408.5,3520.6000000000004,65.0,0
matonwalk-655.csv,2421.02,2352.0,3421.4000000000005,65.0,0
matonwalk-656.csv,2441.9,2375.5,3477.3,65.0,0
matonwalk-657.csv,2618.78,2659.0,3821.2000000000003,65.0,0
matonwalk-658.csv,2886.89,2805.5,4166.800000000001,65.0,0
matonwalk-659.csv,3014.61,2911.0,4513.0,65.0,0
matonwalk-66.csv,4780.03,4731.5,7173.400000000001,66.0,1
matonwalk-660.csv,2417.35,2269.5,3895.000000000001,66.0,0
matonwalk-661.csv,2898.68,2753.0,4467.4000000000015,66.0,0
matonwalk-662.csv,3007.55,2861.5,4782.1,66.0,0
matonwalk-663.csv,3196.37,3050.0,5126.0,66.0,0
matonwalk-664.csv,3255.85,3138.0,5152.500000000002,66.0,0
matonwalk-665.csv,3867.0,3847.5,5355.400000000001,66.0,0
matonwalk-666.csv,4239.26,4136.5,5504.700000000001,66.0,0
matonwalk-667.csv,4099.16,4040.0,5357.200000000001,66.0,0
matonwalk-668.csv,3551.07,3671.0,5161.1,66.0,0
matonwalk-669.csv,3683.08,3861.0,5443.900000000001,66.0,0
matonwalk-67.csv,5101.91,5031.5,7578.900000000001,67.0,1
matonwalk-670.csv,3858.79,3860.0,5671.200000000003,67.0,0
matonwalk-671.csv,3892.4,3890.0,5628.3,67.0,0
matonwalk-672.csv,4099.65,4144.0,5986.000000000001,67.0,0
matonwalk-673.csv,4494.3,4678.0,6204.2,67.0,0
matonwalk-674.csv,4963.31,4978.5,6928.8,67.0,1
matonwalk-675.csv,5296.98,5162.0,7637.900000000001,67.0,1
matonwalk-676.csv,6265.98,6033.5,9218.0,67.0,1
matonwalk-677.csv,6411.33,5602.0,11261.800000000001,67.0,1
matonwalk-678.csv,6209.02,5372.0,11806.400000000001,67.0,1
matonwalk-679.csv,5596.26,5034.0,10922.700000000004,67.0,1
matonwalk-68.csv,4952.18,5026.0,7060.5,68.0,1
matonwalk-680.csv,5625.19,4869.5,11044.70000000002,68.0,1
matonwalk-681.csv,5788.64,4928.0,11251.0,68.0,1
matonwalk-682.csv,5206.44,4896.0,6926.0,68.0,1
matonwalk-683.csv,4921.05,4928.0,6276.200000000006,68.0,1
matonwalk-684.csv,4619.99,4803.5,6204.0,68.0,0
matonwalk-685.csv,4487.09,4680.0,6712.0,68.0,0
matonwalk-686.csv,4518.78,4144.0,6204.0,68.0,0
matonwalk-687.csv,6434.6,4681.0,10376.000000000144,68.0,1
matonwalk-688.csv,4289.36,4484.0,6204.0,68.0,0
matonwalk-689.csv,4352.94,4499.0,6204.0,68.0,0
matonwalk-69.csv,4874.48,5025.5,6457.5,69.0,1
matonwalk-690.csv,5140.46,4942.5,7919.400000000001,69.0,1
matonwalk-691.csv,4779.62,4845.0,7032.400000000001,69.0,1
matonwalk-692.csv,4204.7,4264.5,6205.5,69.0,0
matonwalk-693.csv,3830.7,3847.5,6130.7,69.0,0
matonwalk-694.csv,3397.59,3324.5,5386.1,69.0,0
matonwalk-695.csv,3529.99,3682.5,5246.7,69.0,0
matonwalk-696.csv,3581.99,3847.5,5133.3,69.0,0
matonwalk-697.csv,3547.98,3681.0,5087.700000000002,69.0,0
matonwalk-698.csv,3691.05,3735.5,5397.800000000001,69.0,0
matonwalk-699.csv,3736.16,3834.5,5412.4000000000015,69.0,0
matonwalk-7.csv,3847.35,3883.0,5704.700000000003,7.0,0
matonwalk-70.csv,4540.33,4561.0,6342.000000000001,70.0,0
matonwalk-700.csv,3804.02,3850.0,5400.000000000001,70.0,0
matonwalk-701.csv,3862.94,3852.0,5584.2,70.0,0
matonwalk-702.csv,3781.87,3847.5,5362.5,70.0,0
matonwalk-703.csv,3523.05,3634.0,4924.5,70.0,0
matonwalk-704.csv,3465.06,3599.0,4872.400000000001,70.0,0
matonwalk-705.csv,3067.32,3052.5,4101.500000000001,70.0,0
matonwalk-706.csv,2563.85,2584.0,3381.0,70.0,0
matonwalk-707.csv,2005.77,1956.5,2817.6000000000004,70.0,0
matonwalk-708.csv,2012.61,2023.5,2839.4000000000005,70.0,0
matonwalk-709.csv,2583.58,2660.0,3541.1000000000004,70.0,0
matonwalk-71.csv,4392.06,4461.5,6598.200000000001,71.0,0
matonwalk-710.csv,2766.32,2850.5,3974.9,71.0,0
matonwalk-711.csv,3265.9,3353.5,4486.6,71.0,0
matonwalk-712.csv,3036.68,2906.5,4601.7,71.0,0
matonwalk-713.csv,2530.94,2404.0,3945.9,71.0,0
matonwalk-714.csv,2813.59,2689.0,4287.700000000001,71.0,0
matonwalk-715.csv,3058.94,2975.0,4511.400000000001,71.0,0
matonwalk-716.csv,3309.16,3412.5,4827.8,71.0,0
matonwalk-717.csv,3576.84,3628.5,5032.800000000002,71.0,0
matonwalk-718.csv,3928.71,3860.5,5320.5,71.0,0
matonwalk-719.csv,3872.84,3831.5,5512.000000000001,71.0,0
matonwalk-72.csv,4322.23,4317.0,6220.5,72.0,0
matonwalk-720.csv,3638.06,3801.5,5163.6,72.0,0
matonwalk-721.csv,3262.75,3234.0,5168.700000000001,72.0,0
matonwalk-722.csv,3150.02,3088.5,4913.200000000001,72.0,0
matonwalk-723.csv,3856.3,3869.5,5635.300000000002,72.0,0
matonwalk-724.csv,4073.38,4138.5,6204.0,72.0,0
matonwalk-725.csv,4501.23,4667.0,6421.900000000001,72.0,0
matonwalk-726.csv,4949.46,5161.5,6926.0,72.0,1
matonwalk-727.csv,4940.1,4928.0,7143.600000000003,72.0,1
matonwalk-728.csv,4861.36,4718.0,7294.200000000005,72.0,1
matonwalk-729.csv,4951.72,4926.0,7646.100000000005,72.0,1
matonwalk-73.csv,4569.01,4475.0,7149.8,73.0,0
matonwalk-730.csv,4841.08,4919.5,7146.800000000001,73.0,1
matonwalk-731.csv,4925.06,4714.5,8055.0,73.0,1
matonwalk-732.csv,5271.25,5030.5,8815.100000000004,73.0,1
matonwalk-733.csv,4977.3,4637.0,8676.800000000007,73.0,1
matonwalk-734.csv,4795.49,4680.5,6936.200000000001,73.0,1
matonwalk-735.csv,4711.36,4681.0,6460.700000000004,73.0,0
matonwalk-736.csv,4612.95,4687.0,6204.0,73.0,0
matonwalk-737.csv,4350.06,4776.5,6204.0,73.0,0
matonwalk-738.csv,4319.98,4203.5,6731.0,73.0,0
matonwalk-739.csv,4625.99,4144.0,6204.0,73.0,0
matonwalk-74.csv,5767.66,5725.5,8888.800000000001,74.0,1
matonwalk-740.csv,4250.36,4144.0,6204.0,74.0,0
matonwalk-741.csv,4348.9,4680.5,6204.0,74.0,0
matonwalk-742.csv,4471.45,4689.0,6204.0,74.0,0
matonwalk-743.csv,6069.63,5908.5,8549.600000000002,74.0,1
matonwalk-744.csv,4877.93,4845.0,6925.1,74.0,1
matonwalk-745.csv,4298.26,4197.5,6211.5,74.0,0
matonwalk-746.csv,3812.06,3847.0,5707.7,74.0,0
matonwalk-747.csv,3606.81,3660.5,5311.300000000001,74.0,0
matonwalk-748.csv,3776.82,3825.5,5534.500000000001,74.0,0
matonwalk-749.csv,4007.4,4067.5,5602.0,74.0,0
matonwalk-75.csv,6020.55,5855.0,9031.800000000005,75.0,1
matonwalk-750.csv,4037.1,4146.0,5603.0,75.0,0
matonwalk-751.csv,3898.62,4044.0,5602.0,75.0,0
matonwalk-752.csv,3778.33,3865.0,5394.6,75.0,0
matonwalk-753.csv,3734.55,3847.5,5403.800000000001,75.0,0
matonwalk-754.csv,3777.03,3858.0,5387.1,75.0,0
matonwalk-755.csv,3668.89,3849.0,5178.100000000001,75.0,0
matonwalk-756.csv,3420.75,3387.0,4993.200000000001,75.0,0
matonwalk-757.csv,3233.22,3173.0,4923.3,75.0,0
matonwalk-758.csv,2870.36,2757.0,4304.6,75.0,0
matonwalk-759.csv,2397.14,2383.5,3513.9000000000005,75.0,0
matonwalk-76.csv,5966.85,6095.5,9470.200000000003,76.0,1
matonwalk-760.csv,2086.17,2076.0,2944.6000000000004,76.0,0
matonwalk-761.csv,2025.22,2016.0,2919.1000000000004,76.0,0
matonwalk-762.csv,2255.12,2255.5,3225.0,76.0,0
matonwalk-763.csv,2642.49,2553.5,3998.9,76.0,0
matonwalk-764.csv,2805.41,2680.5,4205.8,76.0,0
matonwalk-765.csv,2948.11,2849.5,4149.500000000001,76.0,0
matonwalk-766.csv,2678.18,2618.5,4008.3,76.0,0
matonwalk-767.csv,2968.74,2896.0,4297.5,76.0,0
matonwalk-768.csv,3200.3,3350.5,4531.900000000001,76.0,0
matonwalk-769.csv,3386.86,3412.0,4646.700000000001,76.0,0
matonwalk-77.csv,5683.22,5689.5,9582.2,77.0,1
matonwalk-770.csv,3773.03,3795.5,5096.1,77.0,0
matonwalk-771.csv,3900.94,3853.0,5269.8,77.0,0
matonwalk-772.csv,3466.94,3432.0,5230.4,77.0,0
matonwalk-773.csv,3001.6,2807.0,5248.200000000001,77.0,0
matonwalk-774.csv,3578.79,3446.5,5779.100000000002,77.0,0
matonwalk-775.csv,3559.32,3500.5,5506.3,77.0,0
matonwalk-776.csv,3766.14,3800.5,5767.9000000000015,77.0,0
matonwalk-777.csv,4507.67,4544.5,6564.200000000001,77.0,0
matonwalk-778.csv,5495.31,5437.5,7748.200000000001,77.0,1
matonwalk-779.csv,5336.52,5386.0,7694.500000000002,77.0,1
matonwalk-78.csv,5673.73,5231.0,8881.600000000002,78.0,1
matonwalk-780.csv,5494.13,5382.0,8686.000000000002,78.0,1
matonwalk-781.csv,6149.2,5827.0,9151.500000000004,78.0,1
matonwalk-782.csv,5318.55,5131.0,7488.000000000001,78.0,1
matonwalk-783.csv,4933.03,4928.0,7238.900000000001,78.0,1
matonwalk-784.csv,4159.25,4144.0,6204.0,78.0,0
matonwalk-785.csv,4149.87,4144.0,6204.0,78.0,0
matonwalk-786.csv,4464.93,4675.0,6276.100000000006,78.0,0
matonwalk-787.csv,4515.37,4680.0,6936.600000000001,78.0,0
matonwalk-788.csv,4532.73,4681.0,6972.700000000001,78.0,0
matonwalk-789.csv,4528.3,4860.0,6470.0,78.0,0
matonwalk-79.csv,5527.44,5389.0,7254.300000000002,79.0,1
matonwalk-790.csv,4418.71,4926.0,6204.0,79.0,0
matonwalk-791.csv,4633.56,4681.0,6204.0,79.0,0
matonwalk-792.csv,4556.19,4670.0,6204.0,79.0,0
matonwalk-793.csv,6676.22,4735.0,25373.0,79.0,1
matonwalk-794.csv,4510.23,4926.0,6204.0,79.0,0
matonwalk-795.csv,4901.04,4928.0,6267.0,79.0,1
matonwalk-796.csv,5312.49,5461.0,6989.700000000002,79.0,1
matonwalk-797.csv,4894.28,5056.5,6776.700000000001,79.0,1
matonwalk-798.csv,4451.68,4561.0,6290.3,79.0,0
matonwalk-799.csv,3672.08,3654.5,5726.600000000001,79.0,0
matonwalk-8.csv,3843.23,3903.0,5981.8,8.0,0
matonwalk-80.csv,4893.74,5021.5,6484.8,80.0,1
matonwalk-800.csv,3502.91,3527.0,5201.6,80.0,0
matonwalk-801.csv,3850.36,3861.5,5531.6,80.0,0
matonwalk-802.csv,4122.3,4021.0,5837.300000000002,80.0,0
matonwalk-803.csv,4133.74,4138.5,5893.000000000001,80.0,0
matonwalk-804.csv,4073.54,4144.0,5820.3,80.0,0
matonwalk-805.csv,3921.7,4144.0,5602.1,80.0,0
matonwalk-806.csv,3795.52,4027.5,5503.900000000001,80.0,0
matonwalk-807.csv,3604.04,3847.5,5475.900000000001,80.0,0
matonwalk-808.csv,3359.32,3620.5,4943.400000000001,80.0,0
matonwalk-809.csv,2931.82,3007.0,4503.900000000001,80.0,0
matonwalk-81.csv,4402.26,4691.5,6204.1,81.0,0
matonwalk-810.csv,2950.31,2775.5,4682.2,81.0,0
matonwalk-811.csv,2610.28,2449.5,4184.800000000001,81.0,0
matonwalk-812.csv,2565.29,2441.5,3943.5,81.0,0
matonwalk-813.csv,2419.78,2347.0,3541.3,81.0,0
matonwalk-814.csv,2391.37,2456.5,3435.000000000001,81.0,0
matonwalk-815.csv,2827.55,2819.0,3959.0000000000005,81.0,0
matonwalk-816.csv,2894.37,2814.5,4448.900000000001,81.0,0
matonwalk-817.csv,2767.17,2526.0,4346.5,81.0,0
matonwalk-818.csv,2849.08,2653.5,4418.400000000001,81.0,0
matonwalk-819.csv,2822.43,2770.5,4229.900000000001,81.0,0
matonwalk-82.csv,4253.1,4393.5,6204.0,82.0,0
matonwalk-820.csv,2867.4,2927.0,4195.200000000001,82.0,0
matonwalk-821.csv,3429.3,3509.0,4654.0,82.0,0
matonwalk-822.csv,3387.61,3360.5,4959.1,82.0,0
matonwalk-823.csv,3474.54,3378.0,4970.600000000002,82.0,0
matonwalk-824.csv,3872.33,3816.5,5627.6,82.0,0
matonwalk-825.csv,3908.13,3811.5,5801.000000000002,82.0,0
matonwalk-826.csv,3984.88,3593.5,6348.300000000001,82.0,0
matonwalk-827.csv,4343.7,4144.5,6933.800000000001,82.0,0
matonwalk-828.csv,4365.88,4140.5,6996.300000000003,82.0,0
matonwalk-829.csv,4345.53,4211.5,6650.7,82.0,0
matonwalk-83.csv,4192.77,4246.5,6204.0,83.0,0
matonwalk-830.csv,5091.66,5108.5,7566.1,83.0,1
matonwalk-831.csv,5867.74,5688.0,8581.2,83.0,1
matonwalk-832.csv,6086.78,5780.0,9486.900000000001,83.0,1
matonwalk-833.csv,6434.64,6203.5,10414.700000000003,83.0,1
matonwalk-834.csv,6153.55,5695.5,11415.900000000001,83.0,1
matonwalk-835.csv,5692.42,5168.5,11751.300000000003,83.0,1
matonwalk-836.csv,5162.01,4761.5,7679.0,83.0,1
matonwalk-837.csv,4166.38,4144.0,6204.0,83.0,0
matonwalk-838.csv,4152.75,4144.0,6204.0,83.0,0
matonwalk-839.csv,4148.06,4144.0,6204.0,83.0,0
matonwalk-84.csv,4265.39,4308.0,6204.0,84.0,0
matonwalk-840.csv,4499.46,4680.0,7092.000000000003,84.0,0
matonwalk-841.csv,4635.14,4927.0,7156.300000000001,84.0,0
matonwalk-842.csv,4743.7,5044.5,6765.0,84.0,1
matonwalk-843.csv,4859.55,5162.0,6283.1,84.0,1
matonwalk-844.csv,4854.01,4927.0,6204.0,84.0,1
matonwalk-845.csv,4534.11,4927.0,6204.0,84.0,0
matonwalk-846.csv,6875.87,4934.5,8938.200000000164,84.0,1
matonwalk-847.csv,13237.82,6290.5,27170.5,84.0,1
matonwalk-848.csv,6065.93,5336.5,6444.0,84.0,1
matonwalk-849.csv,4130.86,4144.0,6204.0,84.0,0
matonwalk-85.csv,4301.07,4440.5,6204.0,85.0,0
matonwalk-850.csv,5401.41,5256.5,7713.700000000003,85.0,1
matonwalk-851.csv,4997.44,4928.5,7443.400000000001,85.0,1
matonwalk-852.csv,4181.65,4161.0,6209.6,85.0,0
matonwalk-853.csv,3867.59,4060.5,5546.200000000001,85.0,0
matonwalk-854.csv,3572.62,3748.5,5319.400000000001,85.0,0
matonwalk-855.csv,3813.45,3839.0,5354.900000000001,85.0,0
matonwalk-856.csv,3736.94,3842.5,5514.1,85.0,0
matonwalk-857.csv,3837.79,3974.0,5537.2,85.0,0
matonwalk-858.csv,3873.8,4022.0,5445.200000000001,85.0,0
matonwalk-859.csv,4035.31,4183.0,5604.2,85.0,0
matonwalk-86.csv,4374.18,4699.5,6204.0,86.0,0
matonwalk-860.csv,3972.23,4043.5,5614.3,86.0,0
matonwalk-861.csv,3626.77,3705.5,5248.900000000001,86.0,0
matonwalk-862.csv,3395.29,3348.0,5034.400000000001,86.0,0
matonwalk-863.csv,3480.41,3478.5,5092.900000000001,86.0,0
matonwalk-864.csv,3129.97,3101.0,4751.8,86.0,0
matonwalk-865.csv,2878.56,2786.5,4454.000000000002,86.0,0
matonwalk-866.csv,2520.88,2479.5,4010.6000000000004,86.0,0
matonwalk-867.csv,2474.53,2359.0,3897.7000000000007,86.0,0
matonwalk-868.csv,2799.69,2700.5,4400.1,86.0,0
matonwalk-869.csv,3130.95,3029.0,4752.5,86.0,0
matonwalk-87.csv,4573.91,4786.5,6309.7,87.0,0
matonwalk-870.csv,3320.51,3284.5,5014.400000000001,87.0,0
matonwalk-871.csv,3397.83,3281.5,4986.6,87.0,0
matonwalk-872.csv,3312.22,3137.5,4751.5,87.0,0
matonwalk-873.csv,2992.48,3002.5,4397.1,87.0,0
matonwalk-874.csv,3380.54,3456.5,4785.000000000001,87.0,0
matonwalk-875.csv,3214.43,3186.0,4760.000000000001,87.0,0
matonwalk-876.csv,3048.53,2884.0,4864.200000000001,87.0,0
matonwalk-877.csv,3374.06,3120.5,5479.500000000001,87.0,0
matonwalk-878.csv,4563.58,4288.0,6968.200000000002,87.0,0
matonwalk-879.csv,4979.62,4571.0,7582.7000000000035,87.0,1
matonwalk-88.csv,5015.62,5181.0,7308.500000000004,88.0,1
matonwalk-880.csv,5294.54,4905.0,8742.700000000003,88.0,1
matonwalk-881.csv,5103.47,5120.5,7211.400000000005,88.0,1
matonwalk-882.csv,5153.25,5038.0,7886.7,88.0,1
matonwalk-883.csv,5335.68,4942.5,8734.000000000002,88.0,1
matonwalk-884.csv,6702.43,6666.0,9905.6,88.0,1
matonwalk-885.csv,7182.09,6268.0,12001.300000000001,88.0,1
matonwalk-886.csv,7248.86,6232.5,13023.2,88.0,1
matonwalk-887.csv,4148.06,4144.0,6204.0,88.0,0
matonwalk-888.csv,4149.76,4144.0,6204.0,88.0,0
matonwalk-889.csv,4173.53,4144.0,6204.0,88.0,0
matonwalk-89.csv,5607.49,5592.0,8781.500000000002,89.0,1
matonwalk-890.csv,4152.44,4144.0,6204.0,89.0,0
matonwalk-891.csv,4155.18,4144.0,6204.0,89.0,0
matonwalk-892.csv,4148.06,4144.0,6204.0,89.0,0
matonwalk-893.csv,4148.06,4144.0,6204.0,89.0,0
matonwalk-894.csv,4780.46,4928.0,7374.0,89.0,1
matonwalk-895.csv,4940.39,5162.0,6926.0,89.0,1
matonwalk-896.csv,5141.54,4928.0,6658.600000000002,89.0,1
matonwalk-897.csv,4970.87,4928.0,6801.3,89.0,1
matonwalk-898.csv,4920.01,4928.0,6870.1,89.0,1
matonwalk-899.csv,7403.63,4928.0,26861.100000000002,89.0,1
matonwalk-9.csv,4347.85,4082.0,6456.300000000002,9.0,0
matonwalk-90.csv,6539.66,6317.0,10394.6,90.0,1
matonwalk-900.csv,14476.47,6791.0,27179.100000000002,90.0,1
matonwalk-901.csv,17143.85,25484.0,27573.0,90.0,1
matonwalk-902.csv,5400.15,5437.5,7623.900000000002,90.0,1
matonwalk-903.csv,5097.38,5016.0,6989.500000000002,90.0,1
matonwalk-904.csv,4995.48,4928.0,7092.800000000001,90.0,1
matonwalk-905.csv,4373.99,4405.0,6204.1,90.0,0
matonwalk-906.csv,3979.88,4089.0,5485.000000000001,90.0,0
matonwalk-907.csv,3446.35,3355.5,5177.400000000001,90.0,0
matonwalk-908.csv,2951.21,2961.0,4539.500000000001,90.0,0
matonwalk-909.csv,3361.66,3248.5,5002.6,90.0,0
matonwalk-91.csv,4200.62,4144.0,6204.0,91.0,0
matonwalk-910.csv,3832.34,3847.5,5209.500000000001,91.0,0
matonwalk-911.csv,3785.51,3847.0,5403.8,91.0,0
matonwalk-912.csv,3819.56,3874.0,5351.6,91.0,0
matonwalk-913.csv,3744.21,3847.0,5295.100000000001,91.0,0
matonwalk-914.csv,3569.85,3550.0,5073.800000000001,91.0,0
matonwalk-915.csv,3308.19,3227.0,4826.1,91.0,0
matonwalk-916.csv,3333.82,3299.5,4848.000000000002,91.0,0
matonwalk-917.csv,3031.05,2997.0,4867.800000000001,91.0,0
matonwalk-918.csv,2591.76,2396.5,4390.500000000001,91.0,0
matonwalk-919.csv,3126.38,2931.0,4885.2,91.0,0
matonwalk-92.csv,7009.33,6241.0,12682.800000000003,92.0,1
matonwalk-920.csv,2962.01,2822.5,4757.600000000001,92.0,0
matonwalk-921.csv,2624.21,2468.0,4393.1,92.0,0
matonwalk-922.csv,2934.51,2854.5,4719.5,92.0,0
matonwalk-923.csv,3321.48,3166.5,5163.4,92.0,0
matonwalk-924.csv,3226.88,3097.0,4930.5,92.0,0
matonwalk-925.csv,3114.71,3003.0,4573.300000000001,92.0,0
matonwalk-926.csv,3196.98,3122.0,4823.000000000001,92.0,0
matonwalk-927.csv,2869.89,2733.5,4658.200000000001,92.0,0
matonwalk-928.csv,3273.82,3178.5,4768.3,92.0,0
matonwalk-929.csv,3098.42,2880.0,4939.5,92.0,0
matonwalk-93.csv,7385.98,6204.0,13934.300000000003,93.0,1
matonwalk-930.csv,3709.56,3594.0,5764.200000000001,93.0,0
matonwalk-931.csv,4405.53,3959.5,7296.300000000004,93.0,0
matonwalk-932.csv,5589.64,5159.5,9245.6,93.0,1
matonwalk-933.csv,6358.93,5993.0,10539.900000000001,93.0,1
matonwalk-934.csv,5916.68,5612.5,9022.600000000002,93.0,1
matonwalk-935.csv,5981.48,5522.0,9463.200000000003,93.0,1
matonwalk-936.csv,6080.89,5639.0,10006.5,93.0,1
matonwalk-937.csv,6406.46,5610.5,10764.300000000003,93.0,1
matonwalk-938.csv,7994.59,7859.0,12532.400000000001,93.0,1
matonwalk-939.csv,8653.49,7120.0,15659.400000000003,93.0,1
matonwalk-94.csv,7332.94,5602.0,15217.700000000003,94.0,1
matonwalk-940.csv,4148.06,4144.0,6204.0,94.0,0
matonwalk-941.csv,4148.06,4144.0,6204.0,94.0,0
matonwalk-942.csv,4148.48,4144.0,6204.0,94.0,0
matonwalk-943.csv,4148.06,4144.0,6204.0,94.0,0
matonwalk-944.csv,4148.06,4144.0,6204.0,94.0,0
matonwalk-945.csv,4148.06,4144.0,6204.0,94.0,0
matonwalk-946.csv,4148.06,4144.0,6204.0,94.0,0
matonwalk-947.csv,6350.75,5161.5,7543.0,94.0,1
matonwalk-948.csv,6223.84,5602.0,7133.0,94.0,1
matonwalk-949.csv,5882.02,4927.0,7282.400000000001,94.0,1
matonwalk-95.csv,7165.07,5162.0,16397.600000000002,95.0,1
matonwalk-950.csv,5673.91,4926.0,6973.500000000002,95.0,1
matonwalk-951.csv,5858.66,4681.0,7148.4,95.0,1
matonwalk-952.csv,8098.94,4681.0,27182.0,95.0,1
matonwalk-953.csv,16211.84,7371.5,28990.200000000106,95.0,1
matonwalk-954.csv,19070.48,25673.0,40425.3,95.0,1
matonwalk-955.csv,5092.11,5091.5,7770.9000000000015,95.0,1
matonwalk-956.csv,5081.05,5060.5,7364.600000000001,95.0,1
matonwalk-957.csv,4503.81,4720.0,6298.0,95.0,0
matonwalk-958.csv,4110.13,4179.5,5790.000000000004,95.0,0
matonwalk-959.csv,3984.82,4021.5,5602.0,95.0,0
matonwalk-96.csv,6994.19,4927.5,17714.5,96.0,1
matonwalk-960.csv,3618.14,3577.0,5239.300000000001,96.0,0
matonwalk-961.csv,3156.26,3052.5,4757.400000000001,96.0,0
matonwalk-962.csv,3236.78,3208.5,4645.0,96.0,0
matonwalk-963.csv,3724.53,3850.0,5076.000000000001,96.0,0
matonwalk-964.csv,3806.37,3847.0,5200.900000000001,96.0,0
matonwalk-965.csv,3710.53,3832.5,5180.200000000002,96.0,0
matonwalk-966.csv,3712.0,3662.5,5301.500000000001,96.0,0
matonwalk-967.csv,3562.99,3473.5,5412.1,96.0,0
matonwalk-968.csv,2948.21,2731.0,4872.3,96.0,0
matonwalk-969.csv,2900.13,2805.0,4535.800000000001,96.0,0
matonwalk-97.csv,6981.32,4681.0,19041.2,97.0,1
matonwalk-970.csv,3641.58,3477.0,5871.200000000002,97.0,0
matonwalk-971.csv,3871.03,3610.5,6302.000000000001,97.0,0
matonwalk-972.csv,4073.55,3790.0,6370.8,97.0,0
matonwalk-973.csv,3811.97,3667.0,5922.100000000001,97.0,0
matonwalk-974.csv,3483.71,3280.5,5752.200000000001,97.0,0
matonwalk-975.csv,3244.32,2815.5,5761.900000000001,97.0,0
matonwalk-976.csv,2885.29,2634.5,5026.300000000001,97.0,0
matonwalk-977.csv,2605.06,2397.0,4658.3,97.0,0
matonwalk-978.csv,2963.68,2798.0,4928.0,97.0,0
matonwalk-979.csv,2831.12,2760.5,4867.900000000001,97.0,0
matonwalk-98.csv,6182.39,4144.0,19806.000000000004,98.0,1
matonwalk-980.csv,3161.25,2911.5,5049.700000000001,98.0,0
matonwalk-981.csv,3624.59,3596.0,5386.0,98.0,0
matonwalk-982.csv,3637.04,3702.5,5386.0,98.0,0
matonwalk-983.csv,3739.37,3832.5,5407.600000000002,98.0,0
matonwalk-984.csv,5007.1,4924.0,7643.700000000001,98.0,1
matonwalk-985.csv,6176.5,6102.5,9710.900000000001,98.0,1
matonwalk-986.csv,7250.53,7067.0,11483.0,98.0,1
matonwalk-987.csv,6749.85,6688.5,9665.0,98.0,1
matonwalk-988.csv,6912.42,6642.5,10646.9,98.0,1
matonwalk-989.csv,6857.38,6669.0,11409.9,98.0,1
matonwalk-99.csv,6740.89,5162.0,6926.0,99.0,1
matonwalk-990.csv,8493.78,8575.5,12803.7,99.0,1
matonwalk-991.csv,8957.4,8600.0,16740.9,99.0,1
matonwalk-992.csv,8998.59,8341.0,18114.700000000004,99.0,1
matonwalk-993.csv,4148.04,4144.0,6204.0,99.0,0
matonwalk-994.csv,4148.04,4144.0,6204.0,99.0,0
matonwalk-995.csv,4148.04,4144.0,6204.0,99.0,0
matonwalk-996.csv,4148.04,4144.0,6204.0,99.0,0
matonwalk-997.csv,4148.04,4144.0,6204.0,99.0,0
matonwalk-998.csv,4148.04,4144.0,6204.0,99.0,0
matonwalk-999.csv,4148.04,4144.0,6204.0,99.0,0
matonwalk.csv,795.5,795.5,1431.1000000000001,,0
