stop_id,hour,actual_overcrowding,predicted_overcrowding,overcrowding_probability,trips_per_hour,peak_hour
0711AAD,6,0,0,0.0018360850493498917,5,1
0211ARS,6,0,0,0.003071910329106583,2,1
0311TEN,6,0,0,0.00117832755672233,9,1
0400PMR,6,0,0,0.001719330742339069,7,1
0400KSD,6,0,0,0.0029224899517421264,2,1
0810SVB,6,0,0,0.002630223005422606,2,1
0711MWE,6,0,0,0.00969359983367327,1,1
0200DEC,6,0,0,0.00947592674285917,1,1
0403KBL,6,0,0,0.0023776120030477798,4,1
0501CRW,6,0,0,0.00979774628674299,1,1
0801SPA,6,0,0,0.008968796130255193,1,1
0500AME,6,0,0,0.008304096461903946,1,1
0703DGT,6,0,0,0.003435564723760676,2,1
0213PGG,6,0,0,0.0034780551454495342,2,1
0211HIA,6,0,0,0.011019716985742193,1,1
0511TSH,6,0,0,0.014196653770438198,1,1
0100KHR,6,0,0,0.010766345425516495,1,1
0310LMH,6,0,0,0.009462332775227893,1,1
0210YPS,6,0,0,0.012413947246295512,1,1
0500MBT,6,0,0,0.0034328618367137744,2,1
0411RCK,6,0,0,0.00962036569320396,1,1
0101WBR,6,0,0,0.001541478273547677,6,1
0210CIJ,6,0,0,0.008889182461967723,1,1
0601MON,6,0,0,0.002678512568312904,2,1
0701RSF,6,0,0,0.002990703278921592,2,1
0211ALS,6,0,0,0.002241369824806796,4,1
0411TEN,6,0,0,0.009054394637929638,1,1
0500KTT,6,0,0,0.00841115384462224,1,1
0201I/T,6,0,0,0.008962107546430965,1,1
0210TRT,6,0,0,0.0121893229089291,1,1
0401SWM,6,0,0,0.009994220488152175,1,1
0700MMB,6,0,0,0.009085730707692214,1,1
0100BKK,6,0,0,0.01272745840049871,1,1
0411ERC,6,0,0,0.008626653101588786,1,1
0211LND,6,0,0,0.007748512584593877,1,1
0401ONY,6,0,0,0.008876673277086647,1,1
0500MSW,6,0,0,0.01034890465013584,1,1
0511OED,6,0,0,0.008553304016107216,1,1
0200ELH,6,0,0,0.007874320136462927,1,1
0100OOA,6,0,0,0.012569828291946432,1,1
0700TBK,7,1,1,0.9778809732208917,1,1
0801AEH,6,0,0,0.010220728691487201,1,1
0410ANN,6,0,0,0.008991770048939814,1,1
0711EHR,6,0,0,0.007973921346166207,1,1
0310STP,6,0,0,0.009729064594698559,1,1
0310PSE,6,0,0,0.0030694944279376596,2,1
0001RLW,7,0,1,0.9160992734982494,3,1
0810NAS,6,0,0,0.008990283260054974,1,1
0500ACC,6,0,0,0.009632824634613076,1,1
0700TSK,6,0,0,0.011907572595462433,1,1
0502AMB,7,1,1,0.9744698431816897,1,1
0801MUM,6,0,0,0.003503677216935617,2,1
0811MAY,6,0,0,0.0022542283171663544,3,1
0201NTR,6,0,0,0.002849674657617373,2,1
0811IKM,7,1,1,0.9871921799755726,1,1
0501KIR,6,0,0,0.008668453534720911,1,1
0410BDN,6,0,0,0.008931808800608957,1,1
0211RMU,6,0,0,0.010199126761949923,1,1
0700AOW,6,0,0,0.009569356103472211,1,1
0511MHG,6,0,0,0.0030762204202682405,3,1
0311JOD,6,0,0,0.002753218266860067,3,1
0710SHO,6,0,0,0.010545476697033304,1,1
0510SR',6,0,0,0.008623105191408255,1,1
0511GEA,6,0,0,0.008338803904174385,1,1
0710BBT,6,0,0,0.0019208025048061928,5,1
0711EKT,6,0,0,0.009546968162693894,1,1
0810CYH,6,0,0,0.007772026782064603,1,1
0511IIV,6,0,0,0.008397695031460818,1,1
0210KAF,6,0,0,0.011155696095165481,1,1
0713NBT,6,0,0,0.012143570875110775,1,1
0500HLL,6,0,0,0.009682254382551799,1,1
0700SPC,6,0,0,0.01054134016987659,1,1
0501APJ,6,0,0,0.0031750535630158294,2,1
0400TLS,6,0,0,0.003359560549263615,2,1
0700DDO,6,0,0,0.0019538556225765983,4,1
0801PKN,6,0,0,0.008988798574597882,1,1
0401MRA,6,0,0,0.002480691761440722,4,1
0212GRD,6,0,0,0.0004518439963301815,16,1
0210KAD,6,0,0,0.003265364849364907,2,1
0200BUL,6,0,0,0.003199432097722092,2,1
0800AOO,6,0,0,0.0030617858609034024,2,1
0700KEO,6,0,0,0.0029139935620299405,2,1
0101RIE,7,1,1,0.9864947218143403,1,1
0700NMA,6,0,0,0.011335345518603612,1,1
0500KHN,6,0,0,0.003946920173839088,2,1
0511HIR,6,0,0,0.008101122856939268,1,1
0700ADR,6,0,0,0.011248001801392505,1,1
0500TNI,6,0,0,0.011235809720542247,1,1
0800LMI,6,0,0,0.008120731510117428,1,1
0101NYG,6,0,0,0.00888372840827817,1,1
0201NVS,6,0,0,0.008923510558660074,1,1
0701ELP,6,0,0,0.011548911230918148,1,1
0411ACD,6,0,0,0.008415082389184177,1,1
0401SHL,6,0,0,0.008524977761471422,1,1
0201AGH,6,0,0,0.007778714262769456,1,1
0610GPO,6,0,0,0.002126470046766239,3,1
0511SNA,6,0,0,0.008573294404206401,1,1
0700KRR,6,0,0,0.010919270345039154,1,1
0111HRT,7,1,1,0.9838004244691885,1,1
0200GTO,7,1,1,0.9784780210441971,1,1
0101LMA,6,0,0,0.009317265465882716,1,1
0301MSB,6,0,0,0.0027852201919417617,3,1
0711SOA,7,1,1,0.9838624980019779,1,1
0810NPN,6,0,0,0.007489994249435522,1,1
0500AAL,6,0,0,0.0030313084730319265,2,1
0510EPN,6,0,0,0.009331803293323516,1,1
0403KSE,6,0,0,0.002922585214003059,2,1
0511ESA,6,0,0,0.008412520610965415,1,1
0600NSO,6,0,0,0.008541787911525246,1,1
0400IAC,6,0,0,0.007862165813962077,1,1
0401AIN,6,0,0,0.008927772609011073,1,1
0410HMZ,6,0,0,0.0008339429176096753,12,1
0400BEC,6,0,0,0.0030228364183270315,2,1
0801DEP,6,0,0,0.003211448165355557,2,1
0210DGU,6,0,0,0.01734548173654521,1,1
0700CRP,6,0,0,0.003206754874197049,2,1
0801OCF,6,0,0,0.007908030081695425,1,1
0711IGM,6,0,0,0.009358767235494258,1,1
0711MAT,6,0,0,0.009591450433398178,1,1
0800CCK,6,0,0,0.0025157499394892193,3,1
0400BKB,6,0,0,0.0024626039108574943,3,1
0410BPF,6,0,0,0.0028280998715957033,2,1
0401UOU,6,0,0,0.00859100731462636,1,1
0810CL',7,1,1,0.9761188050346515,1,1
0401HPE,6,0,0,0.008827682847464996,1,1
0410RSK,6,0,0,0.002467048214578123,2,1
0301IDB,6,0,0,0.008878197595911986,1,1
0100A.P,6,0,0,0.011049818470945475,1,1
0501SBD,6,0,0,0.008249177355515823,1,1
0810KAM,6,0,0,0.010327922731692533,1,1
0210CID,6,0,0,0.002397168371704961,3,1
0200SPH,6,0,0,0.012415938441454234,1,1
0401UPS,6,0,0,0.0027620779231782616,2,1
0400SWT,6,0,0,0.0027709522550447957,3,1
0201CJU,6,0,0,0.012792205108285059,1,1
0400ENA,6,0,0,0.009363093780066183,1,1
0801MUC,6,0,0,0.003068060863303892,3,1
0211AUR,6,0,0,0.0025269561564783037,2,1
0511BLV,6,0,0,0.0010068158670606309,10,1
0411SUQ,6,0,0,0.008393072926517073,1,1
0801RTI,6,0,0,0.010029425289232561,1,1
0200EBR,6,0,0,0.011924038456822468,1,1
0511MDK,6,0,0,0.014154676667715456,1,1
0801RLN,6,0,0,0.00798897168154506,1,1
0811AKK,6,0,0,0.010164759517415448,1,1
0701THR,6,0,0,0.0031470566882346425,2,1
0101WIA,6,0,0,0.00924351176318729,1,1
0312NGR,6,0,0,0.0024605376014272605,2,1
0500EPZ,6,0,0,0.014155848603869111,1,1
0400ZAH,6,0,0,0.008699896264575563,1,1
0401NAS,6,0,0,0.010164499154893519,1,1
0201RAK,6,0,0,0.007907840373816468,1,1
0700SHW,6,0,0,0.0031797829996634097,2,1
0701SDP,6,0,0,0.010536380032426832,1,1
0811IAA,6,0,0,0.010374821462747156,1,1
0411IRL,6,0,0,0.011083167349661327,1,1
0100HYD,6,0,0,0.010178729624897546,1,1
0701KON,6,0,0,0.01180037908656716,1,1
0510CFI,6,0,0,0.008598013076311445,1,1
0710NAQ,6,0,0,0.0024664404967124397,2,1
0811AFT,6,0,0,0.007919493407897106,1,1
0401NTR,6,0,0,0.009793679945925235,1,1
0210LSL,6,0,0,0.008842252771414311,1,1
0801KNG,6,0,0,0.00797354384289703,1,1
0511LVU,6,0,0,0.007823616160557517,1,1
0111USA,7,1,1,0.982388192265183,1,1
0801STC,6,0,0,0.008902294588946582,1,1
0711EGN,6,0,0,0.008840780591092586,1,1
0311AUL,6,0,0,0.008679757286448932,1,1
0410CCR,6,0,0,0.008175672159229163,1,1
0511RAH,6,0,0,0.009249309433941533,1,1
0800CCK,7,0,1,0.9267026431928383,3,1
0212DDT,6,0,0,0.0019364735483564416,4,1
0101ROR,6,0,0,0.002017894162835597,5,1
0111MCM,6,0,0,0.0031072049937579576,2,1
0410KLL,6,0,0,0.0005332584718473359,15,1
0511NAV,7,1,1,0.9860887923758956,1,1
0401CHK,6,0,0,0.003526351595175137,2,1
0710DAC,6,0,0,0.008148287971757212,1,1
0501RCK,6,0,0,0.008238672566214897,1,1
0500STR,6,0,0,0.007863891386283878,1,1
0401ARA,6,0,0,0.00985509691621409,1,1
0800KSP,6,0,0,0.009245041865026102,1,1
0410OML,6,0,0,0.008991953307611706,1,1
0511PTU,7,1,1,0.9834309597122419,1,1
0513GTR,6,0,0,0.0033549517353198104,3,1
0810R/O,6,0,0,0.008624914365036294,1,1
0311SAS,6,0,0,0.008578860362543685,1,1
0211YTC,6,0,0,0.012243325179415203,1,1
0110RNO,6,0,0,0.008600962277447558,1,1
0700KPL,6,0,0,0.01025098775783099,1,1
0500MOW,6,0,0,0.0026142857258119904,2,1
0410CST,6,0,0,0.000596819897971494,14,1
0713WNG,6,0,0,0.002079697674600746,6,1
0210ANI,6,0,0,0.008920592508773539,1,1
0110RID,6,0,0,0.009182238208911371,1,1
0211LMU,6,0,0,0.0101626456351113,1,1
0810NQU,7,1,1,0.9753270392834916,1,1
0311.RE,6,0,0,0.008171230583602761,1,1
0400REN,6,0,0,0.009388463370739938,1,1
0811MUS,6,0,0,0.001352730157953939,7,1
040056_,6,0,0,0.009045485149758824,1,1
0401RCK,6,0,0,0.009628178351963546,1,1
0401DNE,6,0,0,0.012178479334734442,1,1
0213LUD,6,0,0,0.0030846303663570112,2,1
0200BWD,6,0,0,0.002649129535701207,3,1
0211KAZ,6,0,0,0.010861640340371667,1,1
0410TKY,6,0,0,0.003740577656520133,2,1
0401JNT,6,0,0,0.0020251776610892736,5,1
0210SMB,7,1,1,0.9754218400467263,1,1
0511HYG,6,0,0,0.008392305372660145,1,1
0500NBW,6,0,0,0.0034379561179518248,2,1
0210CRI,7,1,1,0.9862491965350404,1,1
0711ISN,6,0,0,0.012213041207485585,1,1
0100GUG,6,0,0,0.003127983128256219,2,1
0401SOS,6,0,0,0.008802871709202905,1,1
0400JSF,6,0,0,0.008402649505009194,1,1
0611ISP,6,0,0,0.0024753132081839,2,1
0711NUA,6,0,0,0.008419131829113557,1,1
0511TEV,7,1,1,0.9857762371033992,1,1
0801CPS,6,0,0,0.0025635244644420263,2,1
0700SGR,6,0,0,0.0028537727474935246,2,1
0813KKS,6,0,0,0.003279860265417054,3,1
0201KSU,6,0,0,0.010198896447939598,1,1
0511CUE,6,0,0,0.003019891364693894,2,1
0110COH,6,0,0,0.009852267140879398,1,1
0810NNN,6,0,0,0.00939703647776595,1,1
0500LRJ,6,0,0,0.009397382205746771,1,1
0211IVO,6,0,0,0.009746798850972354,1,1
0510TIM,6,0,0,0.007902957648835376,1,1
0800LKM,6,0,0,0.009860860109839293,1,1
0401HRC,6,0,0,0.0025512478284014195,3,1
0511PST,6,0,0,0.001494217708629273,7,1
0700KWK,6,0,0,0.012097505802823533,1,1
0401AMB,6,0,0,0.009599887360514809,1,1
0511CAN,6,0,0,0.011403696300211307,1,1
0710GVN,6,0,0,0.00850868489980361,1,1
0711ARK,6,0,0,0.009143694555220985,1,1
0711`WI,6,0,0,0.009748122930064758,1,1
0101LIK,6,0,0,0.003346301812200134,2,1
040PLB,6,0,0,0.009022509451267398,1,1
0401QTY,6,0,0,0.008171180706953373,1,1
0210HWD,6,0,0,0.010968170835524399,1,1
0400QTY,6,0,0,0.008165302532660781,1,1
0701ACH,6,0,0,0.010544028594414504,1,1
0100RRD,6,0,0,0.0030364611259321266,2,1
0211TND,6,0,0,0.0023882148707939197,4,1
0510EMG,6,0,0,0.00850200321404373,1,1
0610MKF,6,0,0,0.008870898169710971,1,1
0510GSU,6,0,0,0.003055737128278996,3,1
0710KRD,6,0,0,0.0016256969121704026,6,1
0301MBP,6,0,0,0.0015921554640907305,6,1
0210NGR,6,0,0,0.001056375760899726,9,1
0503HRS,6,0,0,0.0022861904592184185,3,1
0801NAG,6,0,0,0.008477060062371916,1,1
0500PVE,6,0,0,0.0026638467257225017,2,1
0400CNR,6,0,0,0.00889499555645607,1,1
0201MJM,6,0,0,0.0033488716309655253,2,1
0511GSU,6,0,0,0.00305508535681677,3,1
0801TI/,6,0,0,0.00824958748492114,1,1
0511TSK,6,0,0,0.009950741308857468,1,1
0810KBT,7,1,1,0.9798942866378004,1,1
0701DUA,6,0,0,0.00935960107123199,1,1
0401TAL,6,0,0,0.008056674433528291,1,1
0310TEN,6,0,0,0.0011686270682513679,9,1
0501KNA,6,0,0,0.0030074957897827177,2,1
0411DRU,6,0,0,0.00888034865234196,1,1
0211HNU,6,0,0,0.010775486610742135,1,1
0211END,6,0,0,0.012950549273120497,1,1
0300MLG,6,0,0,0.0018090141980804928,5,1
0811DAC,6,0,0,0.007925247838492256,1,1
0202LUT,6,0,0,0.007583313399457617,1,1
0511UCC,6,0,0,0.011355379109949517,1,1
0210KRB,6,0,0,0.008126259683926046,1,1
0211BLR,6,0,0,0.009134215874735929,1,1
0210SMW,6,0,0,0.0033642881634408602,2,1
0210DRV,7,1,1,0.9778102124116579,1,1
0500TAB,6,0,0,0.008031758255062065,1,1
0101AKN,6,0,0,0.009438542515517912,1,1
0510LGT,7,1,1,0.9772978905078895,1,1
0500OAI,6,0,0,0.008585526637049617,1,1
0411TMH,6,0,0,0.0010729541663481474,10,1
0811KIN,6,0,0,0.0033685859160740334,2,1
0813WSA,6,0,0,0.0022719307806074065,3,1
0401BSR,6,0,0,0.0031823961768202365,2,1
0500TBA,6,0,0,0.008246323808057987,1,1
0800KGT,6,0,0,0.009235777406419106,1,1
0201RSB,6,0,0,0.00316025825701422,2,1
0411SMY,6,0,0,0.0005336990717968629,15,1
0601THT,6,0,0,0.008316726334248311,1,1
0510PKP,6,0,0,0.0030504389902320486,2,1
0400KYJ,6,0,0,0.0028621700325471232,3,1
0510YAN,6,0,0,0.011407805204902184,1,1
0310JAK,7,1,1,0.9743991405888403,1,1
0800KHC,6,0,0,0.01009217942985362,1,1
0810MRG,6,0,0,0.0031506692407495232,2,1
0210HFI,6,0,0,0.003139576713549742,2,1
0210AWR,6,0,0,0.01119863204593091,1,1
0211OEO,6,0,0,0.008962550192922938,1,1
0201VRS,6,0,0,0.009145667752009416,1,1
0310MSB,6,0,0,0.002780105546370053,3,1
0410NA0,6,0,0,0.009731921906217024,1,1
0501KSN,6,0,0,0.0036931943907370698,2,1
0410SAH,6,0,0,0.0031562793387967963,2,1
0210PMS,6,0,0,0.0025530346064057264,2,1
0501BRE,6,0,0,0.00311402087857367,2,1
0711SUR,6,0,0,0.008463415059648776,1,1
0801AUT,6,0,0,0.010822680319147206,1,1
0700KEL,6,0,0,0.0032870840326818295,2,1
0411ILO,6,0,0,0.009451775823695682,1,1
0310OGP,6,0,0,0.0027613206178157173,3,1
0700DCT,7,1,1,0.9782202125656273,1,1
0501KRD,6,0,0,0.008227610109776066,1,1
0200SHL,6,0,0,0.009132117640411934,1,1
0211YTA,6,0,0,0.012392041563978717,1,1
0501RIM,6,0,0,0.011901015737310507,1,1
0700DIN,6,0,0,0.009417033436129547,1,1
0400MNL,6,0,0,0.008967000441043435,1,1
0811AAK,7,1,1,0.9864494617453398,1,1
0400ONT,6,0,0,0.01215419718578917,1,1
0510MAR,6,0,0,0.009488212843857943,1,1
0300PST,6,0,0,0.007671438284558446,1,1
0411DTB,6,0,0,0.002538587551432006,2,1
0710WRE,6,0,0,0.009219254533307655,1,1
0501PVW,6,0,0,0.008421830768906968,1,1
0501NNP,6,0,0,0.002982650666319797,2,1
071064A,6,0,0,0.009157779180301497,1,1
0500KWG,6,0,0,0.0097265681327848,1,1
0801TIG,6,0,0,0.010824343158915584,1,1
0401CWS,6,0,0,0.009440638228759351,1,1
0401ROA,6,0,0,0.008625114313400647,1,1
0211FLY,6,0,0,0.012903917591017182,1,1
0401RDA,6,0,0,0.009475056329017972,1,1
0201CON,6,0,0,0.0028856792546973526,2,1
0300ENG,6,0,0,0.007945084358479789,1,1
0501BAN,6,0,0,0.002536405195029008,2,1
0510IIH,6,0,0,0.00801924798810103,1,1
0101CAV,6,0,0,0.0030492894736441145,2,1
0210APB,6,0,0,0.012405602688190605,1,1
0501RTI,6,0,0,0.008183510856093586,1,1
0401RSE,6,0,0,0.0030645562589000416,2,1
0810BDI,6,0,0,0.008164957462006142,1,1
0401ROK,6,0,0,0.003102667704836135,2,1
0700MAU,6,0,0,0.011167353990315848,1,1
0601PCE,6,0,0,0.008027129573910928,1,1
0211EVE,6,0,0,0.009197346930989746,1,1
0400SVN,6,0,0,0.0026160203180353473,3,1
0400NOI,6,0,0,0.00791853815594139,1,1
0110LHL,6,0,0,0.012269612021549272,1,1
0410KCF,6,0,0,0.001954501075529504,6,1
0801SHC,6,0,0,0.0032357497980499564,2,1
0811AEU,6,0,0,0.010271786656036803,1,1
0403BNG,6,0,0,0.002877675248812672,2,1
0511SIT,6,0,0,0.009272095556134109,1,1
0113RST,6,0,0,0.009375458389064534,1,1
0211TOA,6,0,0,0.011995267104563756,1,1
0510HDY,6,0,0,0.010015841399627664,1,1
0701AHS,6,0,0,0.01122315519199854,1,1
0401KNS,6,0,0,0.003129772162551849,2,1
0201KFS,6,0,0,0.0027044616834293717,2,1
0401DAR,6,0,0,0.007984111063575175,1,1
0710LIV,6,0,0,0.008540685127954912,1,1
0301MTS,6,0,0,0.0028419020880824427,2,1
0701SHT,6,0,0,0.010918297680566376,1,1
0100RKH,6,0,0,0.002253169680108249,4,1
0301BAS,6,0,0,0.0012034837425411828,9,1
0501FOR,7,1,1,0.9810937920498226,1,1
0500PTL,6,0,0,0.013770512156334127,1,1
0101JHS,6,0,0,0.0015215562855947803,6,1
0700REL,6,0,0,0.008844756016007913,1,1
0501KSG,7,1,1,0.9842754010771507,1,1
0212KUS,6,0,0,0.0019050050516672698,4,1
0100VLU,6,0,0,0.008027821866266554,1,1
0711NEW,6,0,0,0.00798003861338516,1,1
0701RCE,6,0,0,0.0029851027621215706,2,1
0100VEV,6,0,0,0.003054805457321019,2,1
0710MTE,6,0,0,0.0035416860658884666,2,1
0811LAA,6,0,0,0.007894297592623091,1,1
0810OII,7,1,1,0.975199972253762,1,1
0801OII,7,1,1,0.9861430312270353,1,1
0111EYE,6,0,0,0.011859256136373234,1,1
0301ACC,6,0,0,0.0026814456395461038,3,1
0510SAB,6,0,0,0.00865413665305959,1,1
0511TOP,6,0,0,0.003049423053116687,2,1
0411UJL,6,0,0,0.008866417355772416,1,1
0312BSK,6,0,0,0.0019268550691587257,4,1
0211INS,6,0,0,0.01027680117764508,1,1
0501OIN,6,0,0,0.0026505643889479344,2,1
0213NGB,6,0,0,0.0030205689900903547,2,1
0310TUA,6,0,0,0.009740900121174916,1,1
0310TOE,6,0,0,0.009465005939646309,1,1
0501OHA,6,0,0,0.011561452029085872,1,1
0213MAT,6,0,0,0.002816269241307353,2,1
0200IMI,6,0,0,0.0033274475606110076,2,1
0700DRI,6,0,0,0.009303356444742625,1,1
0610NWH,6,0,0,0.0017608243562200596,5,1
0501KPT,6,0,0,0.008068914831377604,1,1
0511ASS,7,1,1,0.98345337349341,1,1
0700AOT,6,0,0,0.011105131450042521,1,1
0310IES,6,0,0,0.009160057414363989,1,1
0410LOM,6,0,0,0.008998483274323201,1,1
0811KAR,6,0,0,0.0016876162323289556,6,1
0701GHS,6,0,0,0.008935797680815273,1,1
0211B/O,6,0,0,0.007791912437601261,1,1
0301MF,6,0,0,0.008005181321863524,1,1
0210RSI,6,0,0,0.009328037522029204,1,1
0511VOE,6,0,0,0.008046793674419989,1,1
0100GVS,6,0,0,0.013445165429519382,1,1
0111LSO,6,0,0,0.010313761303939434,1,1
0811IHG,6,0,0,0.00935430525973456,1,1
0510AIW,6,0,0,0.009169033070301875,1,1
0301TAO,6,0,0,0.008878394196270248,1,1
0511ECC,7,1,1,0.9863706023080173,1,1
0501FAR,6,0,0,0.009632598180623857,1,1
0600VRP,6,0,0,0.0017134001421265904,5,1
0711ALA,6,0,0,0.007928479301868043,1,1
0801KAC,6,0,0,0.0025453601138927234,2,1
0701ACC,6,0,0,0.003402384634663034,2,1
0210ASV,6,0,0,0.008920867259249081,1,1
0511AKI,6,0,0,0.01148835274766095,1,1
0500MGY,6,0,0,0.0026339822651790354,2,1
0700MDA,6,0,0,0.009052987089791848,1,1
0401SMJ,6,0,0,0.008974385789647883,1,1
0800SAP,6,0,0,0.0028243568920310745,2,1
0511ALM,6,0,0,0.010792667762733577,1,1
0211AEP,6,0,0,0.014113610362377793,1,1
0101ROK,6,0,0,0.002023612851906735,5,1
0701FIR,6,0,0,0.008455870597858116,1,1
0100KSS,6,0,0,0.0032044187836074594,2,1
0410EHA,6,0,0,0.008977782145085069,1,1
0501WIL,6,0,0,0.002029961484587469,4,1
0300KRE,6,0,0,0.0025115390934952915,2,1
0211MOO,7,1,1,0.9899699691043297,1,1
0100LHH,7,1,1,0.9749070937945954,1,1
0310JAK,6,0,0,0.0014933048226422544,6,1
0801WAC,6,0,0,0.009295597624709462,1,1
0700MAA,6,0,0,0.0035587362016642,2,1
0410CST,7,1,1,0.9756725394090753,1,1
0510BAL,6,0,0,0.008911633150271107,1,1
0701KBG,6,0,0,0.008082957814444854,1,1
0201TIU,7,1,1,0.9749557370678055,1,1
0401MPS,6,0,0,0.008319296618095778,1,1
0312SOK,6,0,0,0.008958569085106722,1,1
0411PAC,6,0,0,0.008563312981724684,1,1
0800KBL,6,0,0,0.0026593831193791545,2,1
0810BEL,6,0,0,0.0038319571608873147,3,1
0100RUI,6,0,0,0.009620085808963681,1,1
0401NPC,6,0,0,0.008829911583160191,1,1
0211GNK,7,1,1,0.975475493399304,1,1
0400RND,6,0,0,0.009600476889200717,1,1
0710AAY,6,0,0,0.008038154432841858,1,1
0301FLT,6,0,0,0.0012060065516390453,9,1
0200RND,7,1,1,0.9783051703145433,1,1
0611KIL,6,0,0,0.0026155822041297933,2,1
0411AAG,6,0,0,0.008738959637233479,1,1
0701NMO,6,0,0,0.011347528844948185,1,1
0801HIR,6,0,0,0.002214202062855654,3,1
0401HRS,6,0,0,0.0026535150282589836,3,1
0700AIA,6,0,0,0.00968701086722282,1,1
07113AV,6,0,0,0.002447126671090205,2,1
0710AEA,6,0,0,0.009975030352991547,1,1
0500SAT,6,0,0,0.0025881700811473526,2,1
0411NSE,6,0,0,0.002661430214939878,3,1
0300GER,6,0,0,0.003111940529590057,2,1
0510ITI,6,0,0,0.011232768122283531,1,1
0310BH,6,0,0,0.008380659665015862,1,1
0800CIG,6,0,0,0.007784033496127908,1,1
0201BHC,6,0,0,0.013919066576918148,1,1
0401MSB,6,0,0,0.009456604528348272,1,1
0210KCA,6,0,0,0.0013338586389635221,8,1
0501OLA,6,0,0,0.0030342791996513956,3,1
0511VHO,6,0,0,0.008032148482692958,1,1
0400MIU,6,0,0,0.011181054433155315,1,1
0401FDJ,6,0,0,0.009291071990841566,1,1
0300BCM,6,0,0,0.008133823546693472,1,1
0211IVE,6,0,0,0.008699029404802244,1,1
0210KYS,6,0,0,0.009938254635782125,1,1
0510NAH,6,0,0,0.008493601690896883,1,1
0400SUR,6,0,0,0.003064939023121025,2,1
0700KPI,6,0,0,0.010716089208483156,1,1
0210OUS,7,1,1,0.9863056709945622,1,1
0211UNN,6,0,0,0.01012037742366359,1,1
0401CLX,6,0,0,0.0019955572325477985,5,1
0501DBB,7,1,1,0.9809212113572041,1,1
0110IDR,6,0,0,0.008040765949934183,1,1
0500MGC,6,0,0,0.0035299466291133248,2,1
0710CCT,6,0,0,0.0019914400924150592,4,1
0811MUM,6,0,0,0.007659590331919353,1,1
0711UIS,6,0,0,0.0079489946162568,1,1
0800RGR,6,0,0,0.010376254043949252,1,1
0111RPS,6,0,0,0.012066868778979367,1,1
0811/FC,6,0,0,0.007925877501141754,1,1
0301ICH,6,0,0,0.008626822543156996,1,1
0700PCS,6,0,0,0.012061356540376102,1,1
0811ONT,6,0,0,0.010133510050054459,1,1
0201AMC,6,0,0,0.009625853359107506,1,1
0700NWA,6,0,0,0.010071739784289852,1,1
0200GRG,6,0,0,0.0033364329170905353,2,1
0410MIA,6,0,0,0.008035881873038983,1,1
0401SLT,6,0,0,0.007908977971612618,1,1
0100ASD,6,0,0,0.003219228036120862,2,1
0510NAE,6,0,0,0.0028219744047141846,2,1
0511NOG,6,0,0,0.007968810306308388,1,1
0411YYA,6,0,0,0.007841458252284723,1,1
0800PBB,6,0,0,0.0022326099743120074,3,1
0411AOO,6,0,0,0.007795507395716622,1,1
0400UMD,6,0,0,0.008973584070391394,1,1
0210NAK,6,0,0,0.018656167673324803,1,1
0500MWR,6,0,0,0.010198233153999531,1,1
0711JDO,6,0,0,0.008986983361101644,1,1
0511HSL,6,0,0,0.011084321842755526,1,1
0801WPB,6,0,0,0.007942690908292842,1,1
0401SVN,6,0,0,0.0029571691250298523,2,1
0101RJI,6,0,0,0.011860917243877625,1,1
0100CBR,7,1,1,0.9794009627621552,1,1
0711IHR,6,0,0,0.007974975116891393,1,1
0701TTW,6,0,0,0.003369333217983382,2,1
0710YAA,6,0,0,0.008027801143940248,1,1
0101ARR,6,0,0,0.008007242741060683,1,1
0500SAE,6,0,0,0.010009973788446362,1,1
0510ADP,6,0,0,0.0031180171386811922,3,1
0210SEW,6,0,0,0.016161559622817408,1,1
0700MKC,6,0,0,0.010834281054013135,1,1
0801GCC,6,0,0,0.003308763528582378,2,1
0210NWK,6,0,0,0.003519041808933112,2,1
0800HTA,6,0,0,0.010469288521787396,1,1
0110RTU,6,0,0,0.008025792461292348,1,1
0401MTK,6,0,0,0.012953372771031353,1,1
0510E4E,6,0,0,0.008404025573292288,1,1
0210EXL,6,0,0,0.0028618896737373726,2,1
0710STO,6,0,0,0.008317168244178627,1,1
0410DPI,6,0,0,0.009743146334978475,1,1
0201GTJ,7,1,1,0.9849980403737988,1,1
0210PRS,6,0,0,0.012052164914748349,1,1
0800IMP,6,0,0,0.002245348627978421,3,1
0210UYU,6,0,0,0.008134446575475695,1,1
0310TON,6,0,0,0.0027104004827704113,3,1
0711TTE,6,0,0,0.007718888553759759,1,1
0401KAU,6,0,0,0.009099609666234547,1,1
0610HUL,6,0,0,0.0015492953366394756,6,1
0511ATI,6,0,0,0.009665035077512783,1,1
0101AGA,6,0,0,0.0015509937500782958,6,1
0111VWS,6,0,0,0.009243530670056283,1,1
0411RIB,6,0,0,0.008893716683197652,1,1
0311GIO,6,0,0,0.009484508395272241,1,1
0500WAT,6,0,0,0.0025816520101170667,2,1
0200EAC,6,0,0,0.009414315941889191,1,1
0510NYS,7,1,1,0.9752834675721586,1,1
0400SPE,6,0,0,0.012447914903745964,1,1
0811EYH,6,0,0,0.0027698321422646942,2,1
0401OTM,6,0,0,0.009808440961539404,1,1
0811FLA,6,0,0,0.007914462590389675,1,1
0800WAR,6,0,0,0.01021020610771365,1,1
0510KAB,6,0,0,0.0017125930975960405,5,1
0510DUS,6,0,0,0.007869654959708552,1,1
0511RHR,6,0,0,0.0026681030335620123,2,1
0811ECA,6,0,0,0.0078229516893144,1,1
0210KBO,6,0,0,0.01366606389420584,1,1
0401-UR,6,0,0,0.00859194572100678,1,1
0201FM,6,0,0,0.008003737450346392,1,1
0401BEC,6,0,0,0.00938588381969052,1,1
0410ENI,6,0,0,0.00935903344435112,1,1
0401AMG,6,0,0,0.00832966703398657,1,1
0713KNS,6,0,0,0.0022049176895991922,3,1
0411KOI,6,0,0,0.0031334728032724707,2,1
0200RGC,6,0,0,0.0031619031179546996,2,1
0410PDA,6,0,0,0.008653211300752023,1,1
0611IYQ,6,0,0,0.007651833245209172,1,1
0601INT,6,0,0,0.0019030588529745042,4,1
0700FVM,6,0,0,0.0030120208960629337,2,1
0101RCC,6,0,0,0.00304421413259938,2,1
0510HEL,6,0,0,0.00791118053804334,1,1
0711LMO,6,0,0,0.007904546314297276,1,1
0410TAM,6,0,0,0.008794681087634277,1,1
0210TAE,6,0,0,0.0018162726494006009,6,1
0501AGC,6,0,0,0.00943661179030909,1,1
0410KLL,7,1,1,0.9758763426285546,1,1
0201IKN,7,1,1,0.984491469710029,1,1
0711IEE,6,0,0,0.009032398513606738,1,1
0210USG,6,0,0,0.010688122865712187,1,1
0101MIM,6,0,0,0.009119630285043742,1,1
0301JUN,6,0,0,0.0031374425094416064,2,1
0500KWI,6,0,0,0.008316180561460239,1,1
0810RL.,7,1,1,0.9761085890602077,1,1
0700JKW,6,0,0,0.011246051533613367,1,1
0511NAC,6,0,0,0.010164446770732926,1,1
0800KNE,6,0,0,0.009635938530183253,1,1
0212TKT,7,1,1,0.9746233247963677,1,1
0200RND,6,0,0,0.0025430789559983628,3,1
0701NGR,6,0,0,0.011863706392005395,1,1
0811P/N,6,0,0,0.008079523919550349,1,1
0801MAB,6,0,0,0.008077202408151485,1,1
0201NBN,6,0,0,0.008960283867155536,1,1
0500OLR,6,0,0,0.003447448224109311,2,1
0401TYI,6,0,0,0.009424619198756638,1,1
0710ZAR,6,0,0,0.008164640351100046,1,1
0710ELK,6,0,0,0.007839994562557054,1,1
0111.UK,6,0,0,0.011179584524862049,1,1
0810LOR,6,0,0,0.0027128061185504953,2,1
0801NAE,6,0,0,0.007881315652477402,1,1
0700RMN,6,0,0,0.012094924508326608,1,1
0710MY/,6,0,0,0.009229168942062061,1,1
0310TAO,6,0,0,0.008553957459020722,1,1
0401CLT,6,0,0,0.0022821792785424405,4,1
0700ACI,6,0,0,0.003403442272910064,2,1
0810INO,6,0,0,0.007490011850585619,1,1
0700OLM,6,0,0,0.008398241953613933,1,1
0501RIV,6,0,0,0.008030531660852788,1,1
0400OLC,6,0,0,0.010391263727472592,1,1
0510NSA,6,0,0,0.008046760024345135,1,1
0701BCA,6,0,0,0.01122127677325698,1,1
0110NKT,6,0,0,0.007940844354923505,1,1
0310RIS,6,0,0,0.0016023188159028459,7,1
0511ANA,6,0,0,0.008515516072357461,1,1
0811MBR,7,0,1,0.9611196940991175,2,1
0203SND,6,0,0,0.003313949678133778,2,1
0310ENA,6,0,0,0.009676032462845213,1,1
0211TIG,6,0,0,0.009893874755574659,1,1
0211KEO,6,0,0,0.012336842743827896,1,1
0410ETJ,6,0,0,0.009560667262243886,1,1
0700CDT,6,0,0,0.0028016719286276296,2,1
0300KAR,6,0,0,0.0025075830464272512,2,1
0801KAM,6,0,0,0.010378752255972222,1,1
0700SAN,6,0,0,0.011056892509158393,1,1
0710RAR,6,0,0,0.007818601333013087,1,1
0400HDH,6,0,0,0.002726756822045195,2,1
0110KKB,6,0,0,0.009071431950231907,1,1
0401P1M,6,0,0,0.003113340086418627,2,1
0610SOK,6,0,0,0.009021915119012262,1,1
0210AIC,6,0,0,0.01051854927882625,1,1
0810SGB,6,0,0,0.009148141213424464,1,1
0611VJA,6,0,0,0.007668540577671749,1,1
0100T1I,6,0,0,0.008820788623718417,1,1
0200DBR,6,0,0,0.011117945052428309,1,1
0210EIW,6,0,0,0.011020583112935151,1,1
0701GRD,6,0,0,0.011402453375312817,1,1
0211POL,6,0,0,0.008847475978417216,1,1
0800OMO,6,0,0,0.008897959446191563,1,1
0210CAK,6,0,0,0.008579045362700401,1,1
0810RUG,6,0,0,0.0024987705007177225,5,1
0710AIJ,6,0,0,0.00805232718222411,1,1
0710GYE,6,0,0,0.008227035348963034,1,1
0700ZLL,6,0,0,0.0028319433705330625,2,1
0100ILL,6,0,0,0.009560890534440505,1,1
0511MTA,6,0,0,0.008729211061806167,1,1
0411SKA,6,0,0,0.0031747121673241646,2,1
0600CHO,6,0,0,0.008737161444492408,1,1
0511INR,6,0,0,0.01149215918768077,1,1
0311WMI,6,0,0,0.002583975447164326,2,1
0801LIO,6,0,0,0.00260337158934152,2,1
0510IBE,6,0,0,0.011275338546297446,1,1
0200TDS,6,0,0,0.0032282207246360386,2,1
0310FRC,6,0,0,0.0011587577722367644,9,1
0301BHS,6,0,0,0.0011548630643042261,9,1
0810ARB,6,0,0,0.0022296987857369534,3,1
0500DVK,6,0,0,0.014200146351708052,1,1
0201TJA,6,0,0,0.00948073607707509,1,1
0410APT,6,0,0,0.01028955393701602,1,1
0801GIN,6,0,0,0.00977867413171669,1,1
0201JAM,7,1,1,0.9856093674205557,1,1
0411DEI,6,0,0,0.009746570518631134,1,1
0710UMS,6,0,0,0.011917915533573648,1,1
0312GKM,6,0,0,0.0025351551794142325,2,1
0711NOB,6,0,0,0.009710004258036356,1,1
0210RND,6,0,0,0.00888232201063731,1,1
0601HDH,6,0,0,0.008829246525753074,1,1
0700WAG,6,0,0,0.010452743145255116,1,1
0811SKO,6,0,0,0.0027168235475412182,3,1
0411RVP,6,0,0,0.0030698506537073754,2,1
0400DC,6,0,0,0.008432857328797904,1,1
0401IND,6,0,0,0.007874775535324235,1,1
0801NEI,6,0,0,0.007962691588208169,1,1
0400MLA,6,0,0,0.009001988663366371,1,1
0810COP,6,0,0,0.0022516697075333375,5,1
0210DLO,6,0,0,0.009302820503436412,1,1
0601CNG,6,0,0,0.008837499269834022,1,1
0600AOV,6,0,0,0.002752236194852562,2,1
0801LOT,6,0,0,0.007875650466830293,1,1
0711KRN,6,0,0,0.010230480617249956,1,1
0411OTR,6,0,0,0.003065145919820497,2,1
0111ALA,6,0,0,0.009322047337081868,1,1
0710AJA,6,0,0,0.008040685990939914,1,1
0211LIT,6,0,0,0.011480726137558002,1,1
0401PS4,6,0,0,0.009509438908954266,1,1
0113LMD,7,0,1,0.9602540204494385,2,1
0500EYR,6,0,0,0.007810135910023952,1,1
0400TJR,6,0,0,0.0007281654531853805,13,1
0810OPT,6,0,0,0.009570542821512037,1,1
0201SHL,6,0,0,0.009148715422004764,1,1
0412CTI,6,0,0,0.0025422269574508064,2,1
0210SAP,6,0,0,0.008839607991137297,1,1
0401EPA,6,0,0,0.0026280982710311365,3,1
0100MRB,6,0,0,0.012572732650192002,1,1
0700ESU,6,0,0,0.008065764430085946,1,1
0810EOR,6,0,0,0.008682820617239519,1,1
0401RWE,6,0,0,0.010103590732116911,1,1
0811UUI,6,0,0,0.009847964911282203,1,1
0510AAU,6,0,0,0.011953361420419084,1,1
0811ISA,6,0,0,0.008000225095126198,1,1
0511OST,6,0,0,0.01049323976087727,1,1
0401TPK,6,0,0,0.008441393985416015,1,1
0201KJN,6,0,0,0.0032312877801827793,2,1
0510ARK,6,0,0,0.007983971227608633,1,1
0400VAN,6,0,0,0.00873789717824675,1,1
0801BIL,6,0,0,0.007792778834441578,1,1
0501VNL,7,1,1,0.985987698000822,1,1
0401CVS,6,0,0,0.0028610188586362727,2,1
0811RUG,6,0,0,0.008429176695548405,1,1
0510NSB,6,0,0,0.010146119433724675,1,1
0801GMN,6,0,0,0.00814156992193686,1,1
0801NSH,6,0,0,0.0016981273305158766,6,1
0701PBG,6,0,0,0.0029667551290987696,2,1
0401S1S,6,0,0,0.008801401612603555,1,1
0410LMW,6,0,0,0.007905918243765263,1,1
0210IHW,6,0,0,0.01015813507305035,1,1
0711IUU,6,0,0,0.010726907121940752,1,1
0511GTA,6,0,0,0.009661831842411019,1,1
0211JKT,7,1,1,0.9876690019877611,1,1
0800ODO,7,1,1,0.9783115848708674,1,1
0210EOS,6,0,0,0.010021277927257013,1,1
0811CSA,6,0,0,0.010214770123537605,1,1
0500KWT,6,0,0,0.009796985514019056,1,1
0511SUP,6,0,0,0.007827728993643517,1,1
0210FLY,6,0,0,0.004162039064772843,2,1
0110VKS,6,0,0,0.007862495211751344,1,1
0401MKB,6,0,0,0.008223220794102062,1,1
0101SLT,6,0,0,0.003062915861454741,2,1
0201CAL,6,0,0,0.007904855473077062,1,1
0310NPI,6,0,0,0.00961751734269698,1,1
0810INL,6,0,0,0.0077764524799497645,1,1
0800RAH,7,1,1,0.9788479085762739,1,1
0710UML,6,0,0,0.010755397252382979,1,1
0201RIL,6,0,0,0.01066209287588013,1,1
0710HAK,6,0,0,0.01172009484800757,1,1
0311MBS,6,0,0,0.009612313783052788,1,1
0401KDO,6,0,0,0.002152622253434399,5,1
0800EAI,7,1,1,0.9753266134620812,1,1
0700RCK,6,0,0,0.00933960047689696,1,1
0700MUL,6,0,0,0.0029772565090732746,2,1
0210RSB,7,1,1,0.9803908800058814,1,1
0701REU,6,0,0,0.0029709103925097493,2,1
0200RAW,6,0,0,0.011240739200807884,1,1
0500TUR,6,0,0,0.00784738006124787,1,1
0502BMA,6,0,0,0.00294939868969502,2,1
0711ORI,6,0,0,0.007713844420711752,1,1
0211K.U,6,0,0,0.0032934385959462937,3,1
0510SHL,6,0,0,0.013716534952788626,1,1
0811EIS,7,1,1,0.9851285183698827,1,1
0713AYN,6,0,0,0.0027279466287518086,2,1
0601ENL,6,0,0,0.007623758128533682,1,1
0700DBS,6,0,0,0.010501056390134697,1,1
0411KCF,6,0,0,0.0024906099781039025,4,1
0800WHC,6,0,0,0.01019967736555271,1,1
0603COP,6,0,0,0.008941051120063619,1,1
0711IMP,6,0,0,0.0024213130857485858,3,1
0101WID,6,0,0,0.009190653433895583,1,1
0510HAS,6,0,0,0.003755484400047905,2,1
0501OIL,6,0,0,0.008652989376678716,1,1
0111IAC,7,1,1,0.9829890787189973,1,1
0600AMB,6,0,0,0.0024715745472889627,3,1
0210AMC,6,0,0,0.01266064656892896,1,1
0710RUE,6,0,0,0.007897718370119482,1,1
0501GTH,6,0,0,0.008183063844169104,1,1
0110APT,6,0,0,0.007907874493660084,1,1
0410ARA,6,0,0,0.009324045683110531,1,1
0211EKO,6,0,0,0.009981687568047895,1,1
0801SVP,6,0,0,0.0027206744713405024,2,1
0101MKB,6,0,0,0.0033813720526765507,2,1
0401KMJ,6,0,0,0.003058531233010401,2,1
0700NPS,6,0,0,0.0031235167702553072,2,1
0810KRC,6,0,0,0.009720387084091646,1,1
0410ANA,6,0,0,0.0095878932982577,1,1
0800BYS,6,0,0,0.008846478327762277,1,1
0411TAA,6,0,0,0.009417131648049765,1,1
0411SP1,6,0,0,0.00316103061964164,2,1
0411ALB,6,0,0,0.008855682528177781,1,1
0101IGA,6,0,0,0.009632615402926566,1,1
0210ERV,6,0,0,0.0029472384214901857,2,1
0103MSQ,6,0,0,0.008030197654698965,1,1
0511RCN,6,0,0,0.010165464442555543,1,1
0500MJN,6,0,0,0.003912074206978686,2,1
0401CVT,6,0,0,0.0028538862809851,2,1
0801AWM,6,0,0,0.009856799263168401,1,1
0501KIL,6,0,0,0.009947731818448264,1,1
0400GGE,6,0,0,0.008745795881734499,1,1
0500RAJ,6,0,0,0.003232897474095852,2,1
0410TOS,6,0,0,0.009619487683999296,1,1
0701SSR,6,0,0,0.0026786854903170267,2,1
0311ISN,6,0,0,0.009703731036192344,1,1
0101CHF,6,0,0,0.00916498011148064,1,1
0311PGG,6,0,0,0.0015763335630304424,6,1
0400H/M,6,0,0,0.009370523432958732,1,1
0700OOT,6,0,0,0.00792878565407074,1,1
0211IHH,6,0,0,0.007659843725434924,1,1
0300ZII,6,0,0,0.007847282640058214,1,1
0400VNA,6,0,0,0.008363858063271525,1,1
0811CRU,6,0,0,0.008472162238880978,1,1
0210S/T,6,0,0,0.007695047061767776,1,1
0700HTA,6,0,0,0.011122780196157568,1,1
0800DIM,7,1,1,0.9800318373216218,1,1
0511BAL,6,0,0,0.008858515308155492,1,1
0211USG,6,0,0,0.01069170869638653,1,1
0700WIJ,6,0,0,0.010133633182281273,1,1
0403JOS,6,0,0,0.002611971175283963,2,1
0811JMK,6,0,0,0.0034015280388294037,2,1
0803MDM,6,0,0,0.008255739452662498,1,1
0510ATN,6,0,0,0.011275303924966304,1,1
0810WIA,6,0,0,0.010471780135973541,1,1
0501VIL,6,0,0,0.003153615386033753,2,1
0501AKL,6,0,0,0.0026451864724266385,2,1
0400EXP,6,0,0,0.008412712297191887,1,1
0400ILC,6,0,0,0.009081587795240431,1,1
0403RAU,6,0,0,0.002861648205823867,2,1
0201AIK,6,0,0,0.009118366589880252,1,1
0801MBT,7,1,1,0.9868038308594655,1,1
0211TGA,6,0,0,0.011494919120016605,1,1
0812WST,6,0,0,0.0012452882426782913,8,1
0800STT,6,0,0,0.0027060383090246128,2,1
0411MCR,6,0,0,0.008662500799416167,1,1
0811TAM,6,0,0,0.00839481978356948,1,1
0200HUN,6,0,0,0.0029239419473922434,3,1
0400MZW,7,1,1,0.9759628132253145,1,1
0810SYY,6,0,0,0.008035682341451312,1,1
0800OSO,6,0,0,0.00891526990157124,1,1
0711(IO,6,0,0,0.00949665683449,1,1
0311BAO,6,0,0,0.0020203747325245438,5,1
0810KAR,6,0,0,0.0021464199877327442,4,1
0511OFM,6,0,0,0.010509374762953418,1,1
0801HBE,6,0,0,0.009720237534639178,1,1
0410RIK,6,0,0,0.008156461603233403,1,1
0211BHC,6,0,0,0.00922686754084965,1,1
0811KND,6,0,0,0.0017461074127842562,6,1
0713KKY,6,0,0,0.011482309046859743,1,1
0410CMH,6,0,0,0.008158346821243126,1,1
0210IES,6,0,0,0.002491504823598884,2,1
0510ATL,7,0,1,0.9322125201174101,2,1
0600HGH,6,0,0,0.008019459683836397,1,1
0510BEI,6,0,0,0.008235922200850206,1,1
0200DMD,6,0,0,0.002664938921986601,3,1
0510WOL,6,0,0,0.008023728870333865,1,1
0411GSA,6,0,0,0.009625405596180163,1,1
0400MAJ,6,0,0,0.009325472672966899,1,1
0510UTJ,6,0,0,0.011274019246417136,1,1
0710KWA,6,0,0,0.008162865716083047,1,1
0710PBW,6,0,0,0.00794098827496024,1,1
0701KMH,6,0,0,0.011719148463911446,1,1
0503CNA,6,0,0,0.0026377504826354667,2,1
0401ENJ,6,0,0,0.008468205867446914,1,1
0310SKA,6,0,0,0.002752147999944246,3,1
0400HAJ,6,0,0,0.00946064901621912,1,1
0311TOT,6,0,0,0.0016298999436270788,7,1
0701OLY,6,0,0,0.002705751494707851,2,1
0501SLM,7,1,1,0.9864248493628877,1,1
0710IAA,6,0,0,0.011871632887006886,1,1
0300FTY,6,0,0,0.00272621242814385,3,1
0500KPS,6,0,0,0.0025680873306471413,2,1
0400KBE,6,0,0,0.012333334032208315,1,1
0501TLL,7,1,1,0.984971584558273,1,1
0400KTA,6,0,0,0.008146197560309574,1,1
0510MEF,6,0,0,0.008099321123047896,1,1
0400QPM,6,0,0,0.011118621279760708,1,1
0500DMS,6,0,0,0.0023447602611071515,3,1
0100SHT,6,0,0,0.0032546558401480674,2,1
0401MSC,6,0,0,0.0031378555375127194,2,1
0100AL2,6,0,0,0.009671852521453117,1,1
0601ARC,6,0,0,0.002711010901910502,2,1
0200STD,7,1,1,0.9800455244386865,1,1
0800AAD,6,0,0,0.008225517151411921,1,1
0500HAW,6,0,0,0.012099073611844136,1,1
0511MCU,6,0,0,0.008093617630163042,1,1
0211ANN,6,0,0,0.008034414892805382,1,1
0801WAL,6,0,0,0.010453500033065192,1,1
0401LEU,7,1,1,0.9839684813820179,1,1
0800TIU,6,0,0,0.009741258131366767,1,1
0411IFB,6,0,0,0.003076118783234584,2,1
0501ERR,6,0,0,0.013106770005748888,1,1
0813KGT,6,0,0,0.00289974051949733,2,1
0410BAT,6,0,0,0.008330405295841102,1,1
0812GRT,7,1,1,0.9748096354726223,1,1
0201DUA,6,0,0,0.012792771995131824,1,1
0800AMA,6,0,0,0.014296917864750736,1,1
0711BLB,6,0,0,0.011286687531927398,1,1
0710KJS,7,1,1,0.9779547913182892,1,1
0201ENL,6,0,0,0.009016662530061358,1,1
0801DEL,6,0,0,0.0017209787287314434,6,1
